Method,Cluster,NumTraces,Precision,Fitness,FScore,VariabilityRatio,Miner
KMeans-TFIDF,Cluster 0,1594,0.15610317710422272,0.9632577140978593,0.26866686289056796,0.9943538268506901,inductive
KMeans-TFIDF,Cluster 1,1277,0.1222355502345247,0.9942349732719948,0.21770545027667373,0.9921691464369616,inductive
KMeans-TFIDF,Cluster 2,2416,0.03684197572439463,0.9952221549256017,0.07105362812881875,0.9830298013245033,inductive
KMeans-TFIDF,Cluster 3,918,0.11430214686229079,0.9928430113762985,0.20500308717978774,0.9989106753812637,inductive
KMeans-TFIDF,Cluster 4,543,0.03280101035138039,0.9849169044313696,0.06348767002769963,0.9871086556169429,inductive
KMeans-TFIDF,Cluster 5,986,0.08281739375377362,0.9923219693578226,0.15287603093422725,0.9979716024340771,inductive
SOM-TFIDF,Cluster 0,920,0.11800415633573691,0.9924379619152703,0.2109282464822672,0.9989130434782608,inductive
SOM-TFIDF,Cluster 1,1222,0.032033394600529896,0.9874402278266412,0.062053714321907504,0.9926350245499181,inductive
SOM-TFIDF,Cluster 2,2795,0.06246012108868437,0.9931696120780523,0.1175288877964915,0.9846153846153847,inductive
SOM-TFIDF,Cluster 3,1317,0.1231905504732107,0.9941637114177564,0.21921708995458153,0.9924069855732726,inductive
SOM-TFIDF,Cluster 4,1480,0.033777658840944524,0.9623619297519327,0.06526461415029487,0.9952702702702703,inductive
HDBSCAN-TFIDF,Cluster 0,2,0.05066273932253318,1.0,0.09643958508550611,1.0,inductive
HDBSCAN-TFIDF,Cluster 1,4,0.5853658536585367,1.0,0.7384615384615385,1.0,inductive
HDBSCAN-TFIDF,Cluster 2,8,0.7318681318681319,0.977645305514158,0.8370889958863665,1.0,inductive
HDBSCAN-TFIDF,Cluster 3,127,0.21425614489003886,0.9766878176750966,0.351421012497364,1.0,inductive
HDBSCAN-TFIDF,Cluster 4,3,0.4834307992202729,1.0,0.6517739816031537,1.0,inductive
HDBSCAN-TFIDF,Cluster 5,2,0.4731182795698925,0.9812206572769953,0.6384116074837725,1.0,inductive
HDBSCAN-TFIDF,Cluster 6,2,0.835978835978836,1.0,0.9106628242074928,1.0,inductive
HDBSCAN-TFIDF,Cluster 7,4,0.29446064139941686,1.0,0.4549549549549549,1.0,inductive
HDBSCAN-TFIDF,Cluster 8,3,0.1146983857264231,0.9969230769230769,0.20572734776811225,1.0,inductive
HDBSCAN-TFIDF,Cluster 9,4,0.04524948735475054,1.0,0.08658121893800685,1.0,inductive
HDBSCAN-TFIDF,Cluster 10,3,0.046125116713351955,1.0,0.08818279186004989,1.0,inductive
HDBSCAN-TFIDF,Cluster 11,5,0.047687861271676346,1.0,0.09103448275862076,1.0,inductive
HDBSCAN-TFIDF,Cluster 12,2,0.06134515890613457,1.0,0.11559888579387194,1.0,inductive
HDBSCAN-TFIDF,Cluster 13,3,0.8543307086614174,1.0,0.921443736730361,1.0,inductive
HDBSCAN-TFIDF,Cluster 14,2,0.03573629081947016,1.0,0.0690065437239739,1.0,inductive
HDBSCAN-TFIDF,Cluster 15,5,0.2334123222748815,0.9960474308300395,0.3781982181016193,1.0,inductive
HDBSCAN-TFIDF,Cluster 16,3,0.5662650602409638,1.0,0.7230769230769231,1.0,inductive
HDBSCAN-TFIDF,Cluster 17,8,0.04453849254332931,0.9760097881176766,0.08518951135195717,1.0,inductive
HDBSCAN-TFIDF,Cluster 18,6,0.035250197429822716,1.0,0.06809986130374487,1.0,inductive
HDBSCAN-TFIDF,Cluster 19,2,0.9,1.0,0.9473684210526316,1.0,inductive
HDBSCAN-TFIDF,Cluster 20,2,0.05932203389830504,1.0,0.11199999999999993,1.0,inductive
HDBSCAN-TFIDF,Cluster 21,3,0.7176470588235294,1.0,0.8356164383561643,1.0,inductive
HDBSCAN-TFIDF,Cluster 22,5,0.05252943459697246,1.0,0.09981561155500925,1.0,inductive
HDBSCAN-TFIDF,Cluster 23,12,0.6230088495575221,0.9823233154933444,0.762454191104615,1.0,inductive
HDBSCAN-TFIDF,Cluster 24,3,0.609907120743034,1.0,0.7576923076923077,1.0,inductive
HDBSCAN-TFIDF,Cluster 25,3,0.06297656029370235,1.0,0.11849096705632307,1.0,inductive
HDBSCAN-TFIDF,Cluster 26,6,0.04594852240228786,0.9987937273823885,0.0878553460767054,1.0,inductive
HDBSCAN-TFIDF,Cluster 27,8,0.047752808988763995,1.0,0.09115281501340473,1.0,inductive
HDBSCAN-TFIDF,Cluster 28,8,0.046519689406544606,0.9973045822102425,0.08889293086907002,1.0,inductive
HDBSCAN-TFIDF,Cluster 29,2,0.49677419354838714,1.0,0.6637931034482759,1.0,inductive
HDBSCAN-TFIDF,Cluster 30,2,0.695906432748538,1.0,0.8206896551724138,1.0,inductive
HDBSCAN-TFIDF,Cluster 31,6,0.48994974874371855,0.9981412639405205,0.6572703649305163,1.0,inductive
HDBSCAN-TFIDF,Cluster 32,3,0.5617977528089888,1.0,0.7194244604316548,1.0,inductive
HDBSCAN-TFIDF,Cluster 33,5,0.042292089249492903,0.9985693848354793,0.08114736993681002,1.0,inductive
HDBSCAN-TFIDF,Cluster 34,2,0.863905325443787,1.0,0.926984126984127,1.0,inductive
HDBSCAN-TFIDF,Cluster 35,3,0.05438972162740896,1.0,0.10316815597075542,1.0,inductive
HDBSCAN-TFIDF,Cluster 36,4,0.035037578067111275,0.9983739837398374,0.06769927430324639,1.0,inductive
HDBSCAN-TFIDF,Cluster 37,2,0.03620803159973662,1.0,0.06988564167725532,1.0,inductive
HDBSCAN-TFIDF,Cluster 38,2,0.46302250803858525,1.0,0.632967032967033,1.0,inductive
HDBSCAN-TFIDF,Cluster 39,6,0.05487396832478253,0.9986962190352021,0.1040318440041296,0.8333333333333334,inductive
HDBSCAN-TFIDF,Cluster 40,3,0.06728920626201595,1.0,0.1260936695831189,1.0,inductive
HDBSCAN-TFIDF,Cluster 41,2,0.6831275720164609,1.0,0.8117359413202934,1.0,inductive
HDBSCAN-TFIDF,Cluster 42,5,0.37083811710677383,0.9906505209800056,0.5396607266988505,1.0,inductive
HDBSCAN-TFIDF,Cluster 43,5,0.04614690285456391,1.0,0.08822260569456428,1.0,inductive
HDBSCAN-TFIDF,Cluster 44,4,0.5083333333333333,1.0,0.6740331491712707,1.0,inductive
HDBSCAN-TFIDF,Cluster 45,3,0.05129764801297643,1.0,0.09758919961427183,1.0,inductive
HDBSCAN-TFIDF,Cluster 46,3,0.9696969696969697,1.0,0.9846153846153847,0.3333333333333333,inductive
HDBSCAN-TFIDF,Cluster 47,7,0.0550721182500894,0.9875,0.10432605250031798,1.0,inductive
HDBSCAN-TFIDF,Cluster 48,4,0.03019160054190051,1.0,0.05861356377982338,1.0,inductive
HDBSCAN-TFIDF,Cluster 49,4,0.04332506851102702,1.0,0.08305190744215137,1.0,inductive
HDBSCAN-TFIDF,Cluster 50,6,0.05331700801424755,0.9973856209150327,0.10122296390904204,1.0,inductive
HDBSCAN-TFIDF,Cluster 51,3,0.10600706713780916,1.0,0.19169329073482427,1.0,inductive
HDBSCAN-TFIDF,Cluster 52,2,0.046417305092383954,0.9962962962962963,0.08870199657126943,1.0,inductive
HDBSCAN-TFIDF,Cluster 53,5,0.043318233295583264,0.9911986728137068,0.08300874562349712,1.0,inductive
HDBSCAN-TFIDF,Cluster 54,3,0.051248642779587406,1.0,0.0975005164222268,1.0,inductive
HDBSCAN-TFIDF,Cluster 55,3,0.23876123876123878,1.0,0.38548387096774195,1.0,inductive
HDBSCAN-TFIDF,Cluster 56,7,0.04607967119822953,0.9989615784008308,0.08809570165777705,1.0,inductive
HDBSCAN-TFIDF,Cluster 57,4,0.7174721189591078,1.0,0.8354978354978355,1.0,inductive
HDBSCAN-TFIDF,Cluster 58,4,0.06438809261300993,1.0,0.12098611974311169,1.0,inductive
HDBSCAN-TFIDF,Cluster 59,3,0.11510387422796187,1.0,0.2064451158106748,1.0,inductive
HDBSCAN-TFIDF,Cluster 60,4,0.06777546777546772,1.0,0.12694704049844227,0.75,inductive
HDBSCAN-TFIDF,Cluster 61,2,0.5696202531645569,1.0,0.7258064516129031,1.0,inductive
HDBSCAN-TFIDF,Cluster 62,3,0.3946360153256705,1.0,0.5659340659340659,1.0,inductive
HDBSCAN-TFIDF,Cluster 63,4,0.052417991207304726,1.0,0.0996143958868895,0.75,inductive
HDBSCAN-TFIDF,Cluster 64,6,0.05101058710298367,0.998661311914324,0.09706328212744808,1.0,inductive
HDBSCAN-TFIDF,Cluster 65,3,0.04496596202078107,1.0,0.08606206068918221,1.0,inductive
HDBSCAN-TFIDF,Cluster 66,2,0.5517241379310345,1.0,0.7111111111111111,1.0,inductive
HDBSCAN-TFIDF,Cluster 67,3,0.5176470588235293,1.0,0.6821705426356589,1.0,inductive
HDBSCAN-TFIDF,Cluster 68,2,0.06013021830716203,1.0,0.11343930635838154,1.0,inductive
HDBSCAN-TFIDF,Cluster 69,2,0.03202160493827155,1.0,0.062056074766355045,1.0,inductive
HDBSCAN-TFIDF,Cluster 70,3,0.7066666666666667,1.0,0.828125,1.0,inductive
HDBSCAN-TFIDF,Cluster 71,3,0.0697882493289591,1.0,0.1304711458042932,1.0,inductive
HDBSCAN-TFIDF,Cluster 72,4,0.06406345332519825,1.0,0.12041284403669718,1.0,inductive
HDBSCAN-TFIDF,Cluster 73,4,0.046549431062509194,1.0,0.08895792149110414,1.0,inductive
HDBSCAN-TFIDF,Cluster 74,9,0.05084745762711862,0.9973544973544973,0.09676177439363473,1.0,inductive
HDBSCAN-TFIDF,Cluster 75,6,0.06797853309481217,0.9985632183908046,0.12729152458230208,0.8333333333333334,inductive
HDBSCAN-TFIDF,Cluster 76,3,0.061442332725852644,1.0,0.11577140053961246,1.0,inductive
HDBSCAN-TFIDF,Cluster 77,3,0.3913764510779436,1.0,0.5625744934445769,1.0,inductive
HDBSCAN-TFIDF,Cluster 78,2,0.03877036017435187,1.0,0.07464664310954056,1.0,inductive
HDBSCAN-TFIDF,Cluster 79,8,0.054933110367892946,0.9980334316617503,0.10413451608185748,1.0,inductive
HDBSCAN-TFIDF,Cluster 80,2,0.05214626391096977,1.0,0.09912360229676635,1.0,inductive
HDBSCAN-TFIDF,Cluster 81,14,0.05375960902102528,0.9919398173025256,0.1019916343227892,1.0,inductive
HDBSCAN-TFIDF,Cluster 82,3,0.0668290043290043,1.0,0.1252853157494293,1.0,inductive
HDBSCAN-TFIDF,Cluster 83,3,0.5638888888888889,1.0,0.7211367673179396,1.0,inductive
HDBSCAN-TFIDF,Cluster 84,3,0.6601307189542484,1.0,0.7952755905511811,1.0,inductive
HDBSCAN-TFIDF,Cluster 85,3,0.16619519094766622,1.0,0.28502122498483934,1.0,inductive
HDBSCAN-TFIDF,Cluster 86,4,0.568359375,1.0,0.7247820672478207,1.0,inductive
HDBSCAN-TFIDF,Cluster 87,4,0.5393700787401574,1.0,0.7007672634271099,1.0,inductive
HDBSCAN-TFIDF,Cluster 88,4,0.03446889759823135,1.0,0.06664076160870414,1.0,inductive
HDBSCAN-TFIDF,Cluster 89,4,0.04848775804128658,0.998165137614679,0.09248298051585717,1.0,inductive
HDBSCAN-TFIDF,Cluster 90,2,0.875,1.0,0.9333333333333333,1.0,inductive
HDBSCAN-TFIDF,Cluster 91,4,0.050193050193050204,0.9980314960629921,0.0955792251861627,1.0,inductive
HDBSCAN-TFIDF,Cluster 92,6,0.0459685575066654,1.0,0.08789663355893461,1.0,inductive
HDBSCAN-TFIDF,Cluster 93,5,0.048530986083026084,0.9986449864498645,0.09256367069243447,1.0,inductive
HDBSCAN-TFIDF,Cluster 94,2,0.04635193133047211,1.0,0.088597210828548,1.0,inductive
HDBSCAN-TFIDF,Cluster 95,8,0.054858934169279006,0.9970355731225297,0.10399580659695333,1.0,inductive
HDBSCAN-TFIDF,Cluster 96,3,0.05218247456514602,0.9926650366748166,0.09915268490522706,1.0,inductive
HDBSCAN-TFIDF,Cluster 97,2,0.03710203058410633,1.0,0.0715494319555234,1.0,inductive
HDBSCAN-TFIDF,Cluster 98,6,0.04996206784436974,0.9974937343358397,0.09515790456358897,1.0,inductive
HDBSCAN-TFIDF,Cluster 99,3,0.05193936691930445,1.0,0.09874973511337139,1.0,inductive
HDBSCAN-TFIDF,Cluster 100,3,0.2207112970711297,1.0,0.3616109682947729,1.0,inductive
HDBSCAN-TFIDF,Cluster 101,4,0.04255842558425582,1.0,0.08164228409627178,1.0,inductive
HDBSCAN-TFIDF,Cluster 102,6,0.04740003754458422,0.9928114092873819,0.09048025421799717,1.0,inductive
HDBSCAN-TFIDF,Cluster 103,4,0.5705882352941176,1.0,0.7265917602996255,1.0,inductive
HDBSCAN-TFIDF,Cluster 104,6,0.056020371044016026,0.9706863587046795,0.10592744433517251,1.0,inductive
HDBSCAN-TFIDF,Cluster 105,5,0.06496221257436885,0.9695905525142503,0.12176613838953891,1.0,inductive
HDBSCAN-TFIDF,Cluster 106,2,0.0478968375805956,1.0,0.09141517726340453,1.0,inductive
HDBSCAN-TFIDF,Cluster 107,5,0.04485800344234081,1.0,0.08586430556985487,1.0,inductive
HDBSCAN-TFIDF,Cluster 108,3,0.8117647058823529,1.0,0.8961038961038961,1.0,inductive
HDBSCAN-TFIDF,Cluster 109,10,0.04930785250520642,0.9821146299276786,0.09390131423440336,1.0,inductive
HDBSCAN-TFIDF,Cluster 110,6,0.047377139701822224,0.9709779421228576,0.09034600687397996,1.0,inductive
HDBSCAN-TFIDF,Cluster 111,2,0.7130434782608696,1.0,0.8324873096446701,1.0,inductive
HDBSCAN-TFIDF,Cluster 112,4,0.688715953307393,1.0,0.815668202764977,0.75,inductive
HDBSCAN-TFIDF,Cluster 113,4,0.4377777777777778,1.0,0.6089644513137559,1.0,inductive
HDBSCAN-TFIDF,Cluster 114,3,0.03854522847373332,1.0,0.07422927267285248,1.0,inductive
HDBSCAN-TFIDF,Cluster 115,5,0.05735443589371281,1.0,0.10848667948365837,1.0,inductive
HDBSCAN-TFIDF,Cluster 116,3,0.07249647390691116,1.0,0.13519200420831146,1.0,inductive
HDBSCAN-TFIDF,Cluster 117,6,0.05492510213345436,0.9986754966887417,0.10412361897881607,1.0,inductive
HDBSCAN-TFIDF,Cluster 118,2,0.04717800289435603,1.0,0.09010503040353791,1.0,inductive
HDBSCAN-TFIDF,Cluster 119,3,0.03546973431936451,1.0,0.06850945642110824,1.0,inductive
HDBSCAN-TFIDF,Cluster 120,2,0.7669902912621359,1.0,0.868131868131868,1.0,inductive
HDBSCAN-TFIDF,Cluster 121,2,0.7760416666666666,1.0,0.873900293255132,1.0,inductive
HDBSCAN-TFIDF,Cluster 122,2,0.9310344827586207,1.0,0.9642857142857143,0.5,inductive
HDBSCAN-TFIDF,Cluster 123,10,0.045402232708021684,0.9970282317979198,0.08684954889151464,1.0,inductive
HDBSCAN-TFIDF,Cluster 124,6,0.04649204864359213,0.9970365091947626,0.0888414016784399,1.0,inductive
HDBSCAN-TFIDF,Cluster 125,5,0.04373709148341631,0.9679796437659034,0.08369262414749112,1.0,inductive
HDBSCAN-TFIDF,Cluster 126,6,0.24682395644283117,0.975617336044602,0.3939751255731069,1.0,inductive
HDBSCAN-TFIDF,Cluster 127,2,0.927007299270073,1.0,0.9621212121212122,1.0,inductive
HDBSCAN-TFIDF,Cluster 128,2,0.05279085406859452,1.0,0.10028744809964875,1.0,inductive
HDBSCAN-TFIDF,Cluster 129,2,0.7443946188340806,1.0,0.8534704370179949,1.0,inductive
HDBSCAN-TFIDF,Cluster 130,9,0.06539674836204801,0.9909099098429006,0.1226959718943335,1.0,inductive
HDBSCAN-TFIDF,Cluster 131,7,0.050820817324484846,0.9771335165526037,0.09661659532881352,1.0,inductive
HDBSCAN-TFIDF,Cluster 132,3,0.405607476635514,1.0,0.5771276595744681,1.0,inductive
HDBSCAN-TFIDF,Cluster 133,8,0.05603326089010674,0.9784043108298377,0.10599611905739208,1.0,inductive
HDBSCAN-TFIDF,Cluster 134,3,0.0479896238651103,1.0,0.09158415841584168,1.0,inductive
HDBSCAN-TFIDF,Cluster 135,3,0.5,1.0,0.6666666666666666,1.0,inductive
HDBSCAN-TFIDF,Cluster 136,6,0.04927983539094649,1.0,0.09393077752720853,1.0,inductive
HDBSCAN-TFIDF,Cluster 137,3,0.4192307692307692,1.0,0.5907859078590786,1.0,inductive
HDBSCAN-TFIDF,Cluster 138,10,0.7461809635722679,0.9845275439536766,0.848942162375983,1.0,inductive
HDBSCAN-TFIDF,Cluster 139,5,0.049042618900555945,1.0,0.09349976448422052,1.0,inductive
HDBSCAN-TFIDF,Cluster 140,3,0.5388127853881279,1.0,0.7002967359050446,1.0,inductive
HDBSCAN-TFIDF,Cluster 141,8,0.04311131386861311,0.972755200717015,0.08256351434625832,1.0,inductive
HDBSCAN-TFIDF,Cluster 142,3,0.0418090452261306,0.9970039920159681,0.08025271824368493,1.0,inductive
HDBSCAN-TFIDF,Cluster 143,5,0.3984962406015038,1.0,0.5698924731182796,1.0,inductive
HDBSCAN-TFIDF,Cluster 144,7,0.28673550436854645,0.9916666666666667,0.4448459933416519,1.0,inductive
HDBSCAN-TFIDF,Cluster 145,18,0.4002713704206241,0.984102060372014,0.5690774924990138,1.0,inductive
HDBSCAN-TFIDF,Cluster 146,6,0.06317494600431961,0.998589562764457,0.11883207846394513,1.0,inductive
HDBSCAN-TFIDF,Cluster 147,7,0.049145675532851874,1.0,0.09368703828072535,1.0,inductive
HDBSCAN-TFIDF,Cluster 148,5,0.05630120271919126,0.995253164556962,0.106573567508037,1.0,inductive
HDBSCAN-TFIDF,Cluster 149,3,0.05115872321818982,1.0,0.0973377703826956,1.0,inductive
HDBSCAN-TFIDF,Cluster 150,3,0.20512820512820518,0.9971590909090909,0.34026052711299615,1.0,inductive
HDBSCAN-TFIDF,Cluster 151,4,0.08211678832116787,1.0,0.15177065767284986,1.0,inductive
HDBSCAN-TFIDF,Cluster 152,5,0.5380228136882129,0.9804015540730517,0.6947707292716645,1.0,inductive
HDBSCAN-TFIDF,Cluster 153,4,0.09869848156182215,1.0,0.1796643632773939,1.0,inductive
HDBSCAN-TFIDF,Cluster 154,3,0.5689655172413793,1.0,0.7252747252747253,1.0,inductive
HDBSCAN-TFIDF,Cluster 155,4,0.34545454545454546,1.0,0.5135135135135135,1.0,inductive
HDBSCAN-TFIDF,Cluster 156,3,0.07008086253369272,1.0,0.1309823677581864,1.0,inductive
HDBSCAN-TFIDF,Cluster 157,2,0.06152647975077885,1.0,0.11592076302274401,1.0,inductive
HDBSCAN-TFIDF,Cluster 158,9,0.8391959798994975,0.985311992482355,0.906403124080074,0.8888888888888888,inductive
HDBSCAN-TFIDF,Cluster 159,2,0.05917602996254678,1.0,0.11173974540311168,1.0,inductive
HDBSCAN-TFIDF,Cluster 160,8,0.06857999077916088,0.9969325153374233,0.12833190097124103,1.0,inductive
HDBSCAN-TFIDF,Cluster 161,2,0.9069767441860466,1.0,0.951219512195122,0.5,inductive
HDBSCAN-TFIDF,Cluster 162,2,0.5612903225806452,1.0,0.7190082644628099,1.0,inductive
HDBSCAN-TFIDF,Cluster 163,3,0.39454545454545453,1.0,0.5658409387222947,1.0,inductive
HDBSCAN-TFIDF,Cluster 164,3,0.04950495049504955,1.0,0.09433962264150951,1.0,inductive
HDBSCAN-TFIDF,Cluster 165,7,0.6689655172413793,0.9973544973544973,0.8008014803297895,1.0,inductive
HDBSCAN-TFIDF,Cluster 166,4,0.19469598965071155,1.0,0.3259339469409855,1.0,inductive
HDBSCAN-TFIDF,Cluster 167,2,0.48888888888888893,1.0,0.6567164179104478,1.0,inductive
HDBSCAN-TFIDF,Cluster 168,8,0.084472049689441,0.9570798479087452,0.15524237756321468,1.0,inductive
HDBSCAN-TFIDF,Cluster 169,3,0.540650406504065,1.0,0.7018469656992085,1.0,inductive
HDBSCAN-TFIDF,Cluster 170,16,0.35130628126737073,0.9918946301925026,0.5188483881585154,1.0,inductive
HDBSCAN-TFIDF,Cluster 171,3,0.5173745173745175,1.0,0.6819338422391859,1.0,inductive
HDBSCAN-TFIDF,Cluster 172,3,0.6813725490196079,1.0,0.8104956268221575,1.0,inductive
HDBSCAN-TFIDF,Cluster 173,9,0.952076677316294,0.9793577981651376,0.9655245675869474,0.8888888888888888,inductive
HDBSCAN-TFIDF,Cluster 174,6,0.05262013481191563,1.0,0.0999793431109275,1.0,inductive
HDBSCAN-TFIDF,Cluster 175,2,0.9710144927536232,1.0,0.9852941176470589,0.5,inductive
HDBSCAN-TFIDF,Cluster 176,2,0.8867924528301887,1.0,0.9400000000000001,1.0,inductive
HDBSCAN-TFIDF,Cluster 177,3,0.046901811248808434,1.0,0.08960116554361691,1.0,inductive
HDBSCAN-TFIDF,Cluster 178,9,0.043510815307820305,0.9721445554561421,0.08329361203129104,1.0,inductive
HDBSCAN-TFIDF,Cluster 179,2,0.05314171122994649,1.0,0.10092034274833378,1.0,inductive
HDBSCAN-TFIDF,Cluster 180,3,0.02784140969162996,1.0,0.05417452425852907,1.0,inductive
HDBSCAN-TFIDF,Cluster 181,3,0.8244274809160306,1.0,0.9037656903765691,1.0,inductive
HDBSCAN-TFIDF,Cluster 182,4,0.06153292551277434,0.9903014969428632,0.11586642715934539,1.0,inductive
HDBSCAN-TFIDF,Cluster 183,2,0.06932021466905192,1.0,0.12965286491007952,1.0,inductive
HDBSCAN-TFIDF,Cluster 184,9,0.050841490035912984,1.0,0.0967633853782752,1.0,inductive
HDBSCAN-TFIDF,Cluster 185,3,0.046416779957273224,1.0,0.08871566443949512,1.0,inductive
HDBSCAN-TFIDF,Cluster 186,4,0.7091503267973855,1.0,0.8298279158699808,1.0,inductive
HDBSCAN-TFIDF,Cluster 187,3,0.06066128612340538,1.0,0.11438389788905254,1.0,inductive
HDBSCAN-TFIDF,Cluster 188,5,0.05685174246898994,0.9700161534746623,0.10740837992100949,1.0,inductive
HDBSCAN-TFIDF,Cluster 189,3,0.9260869565217391,1.0,0.9616252821670429,1.0,inductive
HDBSCAN-TFIDF,Cluster 190,6,0.07711950970377934,0.9971910112359551,0.14316695288483874,1.0,inductive
HDBSCAN-TFIDF,Cluster 191,4,0.04748091603053439,1.0,0.09065733858038195,1.0,inductive
HDBSCAN-TFIDF,Cluster 192,11,0.07131304219967649,0.9756109181552655,0.13291086117330578,1.0,inductive
HDBSCAN-TFIDF,Cluster 193,2,0.06823216659282239,1.0,0.12774782248029873,1.0,inductive
HDBSCAN-TFIDF,Cluster 194,9,0.06912933876284666,0.9981818181818182,0.12930371542922536,1.0,inductive
HDBSCAN-TFIDF,Cluster 195,3,0.1950431034482759,1.0,0.3264201983769162,1.0,inductive
HDBSCAN-TFIDF,Cluster 196,17,0.04574275362318836,0.992554820492864,0.0874550644115024,1.0,inductive
HDBSCAN-TFIDF,Cluster 197,3,0.04979536152796726,0.9978540772532188,0.09485712050165711,1.0,inductive
HDBSCAN-TFIDF,Cluster 198,8,0.12096373571783403,0.9975816203143894,0.21576451741703376,1.0,inductive
HDBSCAN-TFIDF,Cluster 199,5,0.44919786096256686,0.9739210120163158,0.6148231797790501,1.0,inductive
HDBSCAN-TFIDF,Cluster 200,4,0.4085257548845471,1.0,0.5800756620428752,1.0,inductive
HDBSCAN-TFIDF,Cluster 201,3,0.0462359217545939,1.0,0.08838526912181294,1.0,inductive
HDBSCAN-TFIDF,Cluster 202,7,0.06713554987212278,0.9975786924939467,0.1258046363923209,0.8571428571428571,inductive
HDBSCAN-TFIDF,Cluster 203,4,0.04204973624717412,1.0,0.08070581428984676,1.0,inductive
HDBSCAN-TFIDF,Cluster 204,3,0.04680851063829783,1.0,0.08943089430894301,1.0,inductive
HDBSCAN-TFIDF,Cluster 205,8,0.5925925925925926,0.9789303079416531,0.7382734912146677,1.0,inductive
HDBSCAN-TFIDF,Cluster 206,3,0.8970588235294118,1.0,0.9457364341085273,1.0,inductive
HDBSCAN-TFIDF,Cluster 207,6,0.04836496684198488,0.9707868290649748,0.09213950853430962,1.0,inductive
HDBSCAN-TFIDF,Cluster 208,5,0.424886191198786,0.9948849104859335,0.5954662125407634,1.0,inductive
HDBSCAN-TFIDF,Cluster 209,18,0.06155433287482803,0.9834179507092068,0.11585692145904217,1.0,inductive
HDBSCAN-TFIDF,Cluster 210,2,0.385809312638581,1.0,0.5568000000000001,1.0,inductive
HDBSCAN-TFIDF,Cluster 211,2,0.035312180143295846,0.9954637004485947,0.06820492054231565,1.0,inductive
HDBSCAN-TFIDF,Cluster 212,3,0.043987229514012016,1.0,0.08426775399252455,1.0,inductive
HDBSCAN-TFIDF,Cluster 213,4,0.4975609756097561,1.0,0.6644951140065146,0.75,inductive
HDBSCAN-TFIDF,Cluster 214,5,0.04828260603838164,1.0,0.09211753731343288,1.0,inductive
HDBSCAN-TFIDF,Cluster 215,4,0.5067750677506775,1.0,0.6726618705035972,1.0,inductive
HDBSCAN-TFIDF,Cluster 216,4,0.507380073800738,1.0,0.6731946144430845,1.0,inductive
HDBSCAN-TFIDF,Cluster 217,2,0.04686953480237843,1.0,0.08954226528566651,1.0,inductive
HDBSCAN-TFIDF,Cluster 218,10,0.05111427831044313,0.9984639016897081,0.09725004335339997,1.0,inductive
HDBSCAN-TFIDF,Cluster 219,5,0.0481576067128785,1.0,0.09189001044204663,1.0,inductive
HDBSCAN-TFIDF,Cluster 220,2,0.0481684453417941,1.0,0.09190974133186579,1.0,inductive
HDBSCAN-TFIDF,Cluster 221,6,0.05086481565771506,0.9256039866726284,0.09643047692213273,1.0,inductive
HDBSCAN-TFIDF,Cluster 222,2,0.06259780907668233,1.0,0.11782032400589104,1.0,inductive
HDBSCAN-TFIDF,Cluster 223,7,0.043975441289332284,0.975206437478935,0.08415599674547325,1.0,inductive
HDBSCAN-TFIDF,Cluster 224,2,0.9672131147540983,1.0,0.9833333333333333,0.5,inductive
HDBSCAN-TFIDF,Cluster 225,2,0.04908256880733941,1.0,0.09357236554438123,1.0,inductive
HDBSCAN-TFIDF,Cluster 226,2,0.05063291139240511,1.0,0.09638554216867479,1.0,inductive
HDBSCAN-TFIDF,Cluster 227,7,0.27357755261106786,0.9901720334961976,0.4287065168064416,1.0,inductive
HDBSCAN-TFIDF,Cluster 228,2,0.05559490084985841,1.0,0.10533378061053347,1.0,inductive
HDBSCAN-TFIDF,Cluster 229,2,0.047141119221411176,1.0,0.09003775776938712,1.0,inductive
HDBSCAN-TFIDF,Cluster 230,8,0.04957251549141106,0.9763171201921557,0.09435419538673237,1.0,inductive
HDBSCAN-TFIDF,Cluster 231,4,0.5209876543209877,1.0,0.6850649350649352,1.0,inductive
HDBSCAN-TFIDF,Cluster 232,4,0.06755023514322356,1.0,0.12655186223468154,1.0,inductive
HDBSCAN-TFIDF,Cluster 233,6,0.05173374958189314,0.9905149051490515,0.09833171734501688,1.0,inductive
HDBSCAN-TFIDF,Cluster 234,2,0.046888567293777106,1.0,0.08957699751175002,1.0,inductive
HDBSCAN-TFIDF,Cluster 235,5,0.0707917261055635,1.0,0.1322231473771857,0.8,inductive
HDBSCAN-TFIDF,Cluster 236,3,0.06697064690795096,1.0,0.125534188034188,1.0,inductive
HDBSCAN-TFIDF,Cluster 237,3,0.04992468259091887,1.0,0.09510145521623284,1.0,inductive
HDBSCAN-TFIDF,Cluster 238,3,0.33477321814254857,1.0,0.5016181229773462,1.0,inductive
HDBSCAN-TFIDF,Cluster 239,10,0.06561914841651062,1.0,0.1231568492627397,0.9,inductive
HDBSCAN-TFIDF,Cluster 240,8,0.06688253684680656,0.9947643979057592,0.1253380277734796,1.0,inductive
HDBSCAN-TFIDF,Cluster 241,3,0.05066031608573285,1.0,0.09643519472491244,1.0,inductive
HDBSCAN-TFIDF,Cluster 242,3,0.3851851851851852,1.0,0.5561497326203209,1.0,inductive
HDBSCAN-TFIDF,Cluster 243,2,0.6918238993710693,1.0,0.8178438661710038,1.0,inductive
HDBSCAN-TFIDF,Cluster 244,7,0.41231593038821956,0.9882361034672538,0.5818641201393264,1.0,inductive
HDBSCAN-TFIDF,Cluster 245,5,0.051724137931034475,0.9651528663492117,0.09818630920642148,0.8,inductive
HDBSCAN-TFIDF,Cluster 246,4,0.04662148285068801,1.0,0.08908948194662479,1.0,inductive
HDBSCAN-TFIDF,Cluster 247,7,0.050090693456118274,0.9985272459499264,0.09539589264091787,1.0,inductive
HDBSCAN-TFIDF,Cluster 248,7,0.06446868488785396,0.9964994165694282,0.12110261710885455,1.0,inductive
HDBSCAN-TFIDF,Cluster 249,4,0.4666666666666667,1.0,0.6363636363636364,1.0,inductive
HDBSCAN-TFIDF,Cluster 250,22,0.18385214007782102,0.9638341131907309,0.30880036052616233,1.0,inductive
HDBSCAN-TFIDF,Cluster 251,2,0.05995975855130786,1.0,0.11313591495823845,1.0,inductive
HDBSCAN-TFIDF,Cluster 252,7,0.2913385826771654,0.9945591422933737,0.4506632919208365,1.0,inductive
HDBSCAN-TFIDF,Cluster 253,7,0.05061097939084447,0.9978046103183315,0.0963355926115502,1.0,inductive
HDBSCAN-TFIDF,Cluster 254,4,0.05064516129032259,1.0,0.09640773718145534,1.0,inductive
HDBSCAN-TFIDF,Cluster 255,6,0.3672496025437202,0.9865168539325843,0.5352443485007626,1.0,inductive
HDBSCAN-TFIDF,Cluster 256,2,0.9705882352941176,1.0,0.9850746268656716,0.5,inductive
HDBSCAN-TFIDF,Cluster 257,4,0.053760905446828544,0.9895001655081099,0.10198104063982734,1.0,inductive
HDBSCAN-TFIDF,Cluster 258,4,0.22340425531914898,1.0,0.36521739130434794,0.75,inductive
HDBSCAN-TFIDF,Cluster 259,5,0.05065502183406112,0.9896598109667598,0.09637705385368117,1.0,inductive
HDBSCAN-TFIDF,Cluster 260,8,0.516025641025641,0.9734900990099009,0.6745089546508748,1.0,inductive
HDBSCAN-TFIDF,Cluster 261,5,0.2829076620825147,0.9714565301284525,0.43820207474036277,0.8,inductive
HDBSCAN-TFIDF,Cluster 262,3,1.0,1.0,1.0,0.3333333333333333,inductive
HDBSCAN-TFIDF,Cluster 263,2,0.06587771203155823,1.0,0.1236121391561807,1.0,inductive
HDBSCAN-TFIDF,Cluster 264,4,0.5790408525754884,1.0,0.7334083239595051,1.0,inductive
HDBSCAN-TFIDF,Cluster 265,2,0.725,1.0,0.8405797101449275,1.0,inductive
HDBSCAN-TFIDF,Cluster 266,2,0.06647278770253429,1.0,0.12465913517724972,1.0,inductive
HDBSCAN-TFIDF,Cluster 267,2,0.06215139442231077,1.0,0.11702925731432859,1.0,inductive
HDBSCAN-TFIDF,Cluster 268,2,0.055308979173779416,1.0,0.10482044645745707,1.0,inductive
HDBSCAN-TFIDF,Cluster 269,3,0.5090543259557344,1.0,0.6746666666666667,1.0,inductive
HDBSCAN-TFIDF,Cluster 270,3,0.06466703357182169,1.0,0.12147841819591625,1.0,inductive
HDBSCAN-TFIDF,Cluster 271,10,0.05148246237323173,0.9992063492063492,0.09791976979135053,1.0,inductive
HDBSCAN-TFIDF,Cluster 272,3,0.670807453416149,1.0,0.8029739776951672,1.0,inductive
HDBSCAN-TFIDF,Cluster 273,6,0.05908909839330767,0.996328029375765,0.11156181458650015,1.0,inductive
HDBSCAN-TFIDF,Cluster 274,3,0.05212014134275622,1.0,0.09907640638119235,1.0,inductive
HDBSCAN-TFIDF,Cluster 275,5,0.05275198492800426,1.0,0.10021730793813106,0.8,inductive
HDBSCAN-TFIDF,Cluster 276,3,0.5255474452554745,1.0,0.6889952153110048,1.0,inductive
HDBSCAN-TFIDF,Cluster 277,6,0.0540267325620577,1.0,0.10251491901108264,1.0,inductive
HDBSCAN-TFIDF,Cluster 278,5,0.05267857142857146,1.0,0.10008481764206963,1.0,inductive
HDBSCAN-TFIDF,Cluster 279,5,0.050892183965820514,1.0,0.09685519550400566,1.0,inductive
HDBSCAN-TFIDF,Cluster 280,13,0.0458914575836743,0.9598156851083746,0.08759476577523664,1.0,inductive
HDBSCAN-TFIDF,Cluster 281,2,0.05428384565075217,1.0,0.10297766749379661,1.0,inductive
HDBSCAN-TFIDF,Cluster 282,443,0.055519067685291246,0.9843824117149247,0.10510994517621568,1.0,inductive
HDBSCAN-TFIDF,Cluster 283,4,0.052129110471283546,1.0,0.09909261126314277,1.0,inductive
HDBSCAN-TFIDF,Cluster 284,2,0.05562958027981346,1.0,0.10539602398232882,1.0,inductive
HDBSCAN-TFIDF,Cluster 285,4,0.05118526347576624,1.0,0.09738580867566785,1.0,inductive
HDBSCAN-TFIDF,Cluster 286,2,0.5658914728682171,1.0,0.7227722772277227,1.0,inductive
HDBSCAN-TFIDF,Cluster 287,3,0.5717884130982368,1.0,0.7275641025641026,1.0,inductive
HDBSCAN-TFIDF,Cluster 288,4,0.04927156654116882,0.9980544747081712,0.09390716076081516,1.0,inductive
HDBSCAN-TFIDF,Cluster 289,2,0.6983240223463687,1.0,0.8223684210526315,1.0,inductive
HDBSCAN-TFIDF,Cluster 290,2,0.08404202101050529,1.0,0.15505306875865257,1.0,inductive
HDBSCAN-TFIDF,Cluster 291,2,0.06401313089864591,1.0,0.12032394909371391,1.0,inductive
HDBSCAN-TFIDF,Cluster 292,3,0.40646258503401356,1.0,0.5779927448609431,1.0,inductive
HDBSCAN-TFIDF,Cluster 293,5,0.040976782906299136,0.9953118999680581,0.07871296931647007,1.0,inductive
HDBSCAN-TFIDF,Cluster 294,4,0.04227700369179466,1.0,0.0811243144424131,1.0,inductive
HDBSCAN-TFIDF,Cluster 295,2,0.5898305084745763,1.0,0.7420042643923241,1.0,inductive
HDBSCAN-TFIDF,Cluster 296,4,0.04690253490578822,1.0,0.08960248608053856,1.0,inductive
HDBSCAN-TFIDF,Cluster 297,3,0.050365100168507815,1.0,0.0959001782531195,1.0,inductive
HDBSCAN-TFIDF,Cluster 298,3,0.05179028132992325,1.0,0.09848024316109417,1.0,inductive
HDBSCAN-TFIDF,Cluster 299,2,0.6869565217391305,1.0,0.8144329896907216,1.0,inductive
HDBSCAN-TFIDF,Cluster 300,2,0.03968655207280081,1.0,0.07634330172623388,1.0,inductive
HDBSCAN-TFIDF,Cluster 301,4,0.06594967532467533,1.0,0.1237388159147154,1.0,inductive
HDBSCAN-TFIDF,Cluster 302,4,0.04363150218765188,1.0,0.08361476650751129,1.0,inductive
HDBSCAN-TFIDF,Cluster 303,5,0.046959015414027916,0.964842506743748,0.08955917371949527,1.0,inductive
HDBSCAN-TFIDF,Cluster 304,5,0.038507045283424746,0.9975429975429976,0.07415169497751184,1.0,inductive
HDBSCAN-TFIDF,Cluster 305,6,0.032018813314037664,0.9429805981530119,0.061934641961660805,1.0,inductive
HDBSCAN-TFIDF,Cluster 306,7,0.05236209061926389,0.9908675799086758,0.09946783431612385,1.0,inductive
HDBSCAN-TFIDF,Cluster 307,9,0.06780428873452127,0.9852302345786272,0.12687681897677672,1.0,inductive
HDBSCAN-TFIDF,Cluster 308,3,0.5666666666666667,1.0,0.7234042553191489,1.0,inductive
HDBSCAN-TFIDF,Cluster 309,3,0.054203031694993076,1.0,0.10283224400871453,1.0,inductive
HDBSCAN-TFIDF,Cluster 310,2,0.7630331753554502,1.0,0.8655913978494624,1.0,inductive
HDBSCAN-TFIDF,Cluster 311,2,0.6267942583732058,1.0,0.7705882352941177,1.0,inductive
HDBSCAN-TFIDF,Cluster 312,4,0.37061118335500653,1.0,0.5407969639468692,1.0,inductive
HDBSCAN-TFIDF,Cluster 313,6,0.04995766299745974,0.9817072523258442,0.09507699514718364,1.0,inductive
HDBSCAN-TFIDF,Cluster 314,2,0.03622191655204032,1.0,0.06991150442477871,1.0,inductive
HDBSCAN-TFIDF,Cluster 315,6,0.038905018664454616,0.9646346563260341,0.0747935138869319,1.0,inductive
HDBSCAN-TFIDF,Cluster 316,14,0.052221648758973394,0.9989059080962801,0.09925439236305866,1.0,inductive
HDBSCAN-TFIDF,Cluster 317,8,0.37344398340248963,0.9815292258368125,0.5410382750345956,1.0,inductive
HDBSCAN-TFIDF,Cluster 318,2,0.045230769230769186,1.0,0.08654695319399462,1.0,inductive
HDBSCAN-TFIDF,Cluster 319,2,0.9712230215827338,1.0,0.9854014598540146,1.0,inductive
HDBSCAN-TFIDF,Cluster 320,2,0.77,1.0,0.8700564971751412,1.0,inductive
HDBSCAN-TFIDF,Cluster 321,6,0.20835751596053398,0.9588120509173141,0.34232506204998475,1.0,inductive
HDBSCAN-TFIDF,Cluster 322,2,0.881578947368421,1.0,0.9370629370629371,1.0,inductive
HDBSCAN-TFIDF,Cluster 323,3,0.759581881533101,1.0,0.8633663366336634,1.0,inductive
HDBSCAN-TFIDF,Cluster 324,3,0.28872366790582404,1.0,0.4480769230769231,1.0,inductive
HDBSCAN-TFIDF,Cluster 325,4,0.048853253775871686,0.9782292447526237,0.09305909041064893,1.0,inductive
HDBSCAN-TFIDF,Cluster 326,2,0.07762280169799873,0.9914893617021276,0.14397400898389312,1.0,inductive
HDBSCAN-TFIDF,Cluster 327,5,0.04246261325182843,0.9984825493171472,0.0814609258103821,1.0,inductive
HDBSCAN-TFIDF,Cluster 328,2,0.33986928104575165,1.0,0.5073170731707317,1.0,inductive
HDBSCAN-TFIDF,Cluster 329,4,0.2062960482250502,1.0,0.34203220433092724,1.0,inductive
HDBSCAN-TFIDF,Cluster 330,4,0.6883852691218131,1.0,0.8154362416107382,0.75,inductive
HDBSCAN-TFIDF,Cluster 331,2,0.9014084507042254,1.0,0.9481481481481481,1.0,inductive
HDBSCAN-TFIDF,Cluster 332,5,0.7389380530973451,0.9958071278825996,0.848354892010545,1.0,inductive
HDBSCAN-TFIDF,Cluster 333,5,0.8059701492537313,0.9925506396588486,0.8895823635949224,0.8,inductive
HDBSCAN-TFIDF,Cluster 334,6,0.717948717948718,0.9855769230769231,0.8307402851146972,1.0,inductive
HDBSCAN-TFIDF,Cluster 335,4,0.9523809523809523,1.0,0.975609756097561,0.5,inductive
HDBSCAN-TFIDF,Cluster 336,5,0.0488684814693342,0.9941634241245136,0.09315775789554177,1.0,inductive
HDBSCAN-TFIDF,Cluster 337,5,0.4036697247706422,1.0,0.5751633986928105,1.0,inductive
HDBSCAN-TFIDF,Cluster 338,5,0.034660224766306036,0.9544699588359318,0.06689138367097631,1.0,inductive
HDBSCAN-TFIDF,Cluster 339,3,0.044540540540540574,1.0,0.08528255019664673,1.0,inductive
HDBSCAN-TFIDF,Cluster 340,12,0.45619116582186825,0.9540860862980123,0.6172483365926345,1.0,inductive
HDBSCAN-TFIDF,Cluster 341,2,0.05405405405405406,1.0,0.10256410256410257,1.0,inductive
HDBSCAN-TFIDF,Cluster 342,3,0.1601123595505618,1.0,0.27602905569007263,1.0,inductive
HDBSCAN-TFIDF,Cluster 343,14,0.0446978105135708,0.9792203837545528,0.08549317203094005,1.0,inductive
HDBSCAN-TFIDF,Cluster 344,3,0.3160054719562243,1.0,0.48024948024948017,1.0,inductive
HDBSCAN-TFIDF,Cluster 345,3,0.3876871880199667,1.0,0.5587529976019184,1.0,inductive
HDBSCAN-TFIDF,Cluster 346,8,0.4473067915690867,0.9803212863557691,0.6143117750164618,1.0,inductive
HDBSCAN-TFIDF,Cluster 347,2,0.6023622047244095,1.0,0.7518427518427518,1.0,inductive
HDBSCAN-TFIDF,Cluster 348,4,0.03534163581285765,0.9509749771025456,0.06815055301269972,1.0,inductive
HDBSCAN-TFIDF,Cluster 349,7,0.04116245831348264,0.9848339562024653,0.07902208252260134,1.0,inductive
HDBSCAN-TFIDF,Cluster 350,3,0.3887915936952715,1.0,0.5598991172761665,1.0,inductive
HDBSCAN-TFIDF,Cluster 351,3,0.059411438089949975,1.0,0.11215932914046112,1.0,inductive
HDBSCAN-TFIDF,Cluster 352,6,0.6305309734513274,0.9973544973544973,0.772613200831254,1.0,inductive
HDBSCAN-TFIDF,Cluster 353,3,0.8508771929824561,1.0,0.919431279620853,1.0,inductive
HDBSCAN-TFIDF,Cluster 354,4,0.3940217391304348,1.0,0.5653021442495128,1.0,inductive
HDBSCAN-TFIDF,Cluster 355,6,0.1775780915703894,0.99860529986053,0.3015353297338657,1.0,inductive
HDBSCAN-TFIDF,Cluster 356,2,0.7282051282051283,1.0,0.8427299703264095,1.0,inductive
HDBSCAN-TFIDF,Cluster 357,2,0.2912423625254582,1.0,0.4511041009463722,1.0,inductive
HDBSCAN-TFIDF,Cluster 358,2,0.031666302686175984,1.0,0.061388653683319146,1.0,inductive
HDBSCAN-TFIDF,Cluster 359,3,0.9166666666666666,1.0,0.9565217391304348,1.0,inductive
HDBSCAN-TFIDF,Cluster 360,2,0.04542626011201001,1.0,0.08690476190476198,1.0,inductive
HDBSCAN-TFIDF,Cluster 361,3,0.29054054054054057,0.9956978888779107,0.4498242257937521,1.0,inductive
HDBSCAN-TFIDF,Cluster 362,3,0.21250000000000002,1.0,0.35051546391752586,1.0,inductive
HDBSCAN-TFIDF,Cluster 363,2,0.8553459119496856,1.0,0.9220338983050848,1.0,inductive
HDBSCAN-TFIDF,Cluster 364,3,0.0437585465911311,1.0,0.08384802545386491,1.0,inductive
HDBSCAN-TFIDF,Cluster 365,3,0.45833333333333337,0.9886363636363636,0.6263089005235603,1.0,inductive
HDBSCAN-TFIDF,Cluster 366,4,0.6231578947368421,1.0,0.767833981841764,1.0,inductive
HDBSCAN-TFIDF,Cluster 367,7,0.4370122630992196,0.9846390168970814,0.6053514404898279,1.0,inductive
HDBSCAN-TFIDF,Cluster 368,3,0.9473684210526316,1.0,0.972972972972973,0.6666666666666666,inductive
HDBSCAN-TFIDF,Cluster 369,9,0.07141874225952938,0.9734872017656717,0.13307462160283426,1.0,inductive
HDBSCAN-TFIDF,Cluster 370,5,0.30537634408602155,0.9891336809942797,0.46667545474689526,1.0,inductive
HDBSCAN-TFIDF,Cluster 371,4,0.04910107266958752,1.0,0.09360599078341009,1.0,inductive
HDBSCAN-TFIDF,Cluster 372,2,0.401685393258427,1.0,0.5731462925851704,1.0,inductive
HDBSCAN-TFIDF,Cluster 373,9,0.2739043824701195,0.9850389359085026,0.42862371563562135,1.0,inductive
HDBSCAN-TFIDF,Cluster 374,4,0.03084566815029499,1.0,0.05984536600060246,1.0,inductive
HDBSCAN-TFIDF,Cluster 375,10,0.7010309278350515,0.9928656361474435,0.8218087608461243,1.0,inductive
HDBSCAN-TFIDF,Cluster 376,3,0.35855263157894735,1.0,0.5278450363196125,1.0,inductive
HDBSCAN-TFIDF,Cluster 377,3,0.24915445321307783,1.0,0.39891696750902533,1.0,inductive
HDBSCAN-TFIDF,Cluster 378,4,0.07445385644226488,0.9977192081534838,0.1385672614738884,1.0,inductive
HDBSCAN-TFIDF,Cluster 379,4,0.044962917181705864,1.0,0.08605648380896062,1.0,inductive
HDBSCAN-TFIDF,Cluster 380,2,0.07097149505526468,1.0,0.13253666485605647,1.0,inductive
HDBSCAN-TFIDF,Cluster 381,3,0.07241243604879966,1.0,0.13504587155963296,1.0,inductive
HDBSCAN-TFIDF,Cluster 382,2,0.22770700636942676,1.0,0.37094682230868997,1.0,inductive
HDBSCAN-TFIDF,Cluster 383,5,0.03707394857484547,0.9664049588297868,0.07140847203016314,1.0,inductive
HDBSCAN-TFIDF,Cluster 384,3,0.4859154929577465,1.0,0.6540284360189573,1.0,inductive
HDBSCAN-TFIDF,Cluster 385,3,0.08192201654194564,1.0,0.15143793228977065,1.0,inductive
HDBSCAN-TFIDF,Cluster 386,5,0.46366279069767447,0.9953810623556582,0.632635078395509,1.0,inductive
HDBSCAN-TFIDF,Cluster 387,5,0.17902813299232734,0.9979919678714859,0.30359488103600984,1.0,inductive
HDBSCAN-TFIDF,Cluster 388,4,0.6869158878504673,1.0,0.814404432132964,1.0,inductive
HDBSCAN-TFIDF,Cluster 389,3,0.05159934625262663,1.0,0.09813499111900528,1.0,inductive
HDBSCAN-TFIDF,Cluster 390,2,0.9722222222222222,1.0,0.9859154929577464,0.5,inductive
HDBSCAN-TFIDF,Cluster 391,2,0.049261083743842415,1.0,0.09389671361502355,1.0,inductive
HDBSCAN-TFIDF,Cluster 392,5,0.3070175438596491,1.0,0.4697986577181208,1.0,inductive
HDBSCAN-TFIDF,Cluster 393,2,0.5720164609053497,1.0,0.7277486910994764,1.0,inductive
HDBSCAN-TFIDF,Cluster 394,3,0.6793650793650794,1.0,0.8090737240075615,1.0,inductive
HDBSCAN-TFIDF,Cluster 395,4,0.35236938031591736,1.0,0.5211141060197664,1.0,inductive
HDBSCAN-TFIDF,Cluster 396,3,0.05675751615622371,1.0,0.10741823982983258,1.0,inductive
HDBSCAN-TFIDF,Cluster 397,2,0.20268456375838928,1.0,0.3370535714285714,1.0,inductive
HDBSCAN-TFIDF,Cluster 398,3,0.21968911917098444,1.0,0.3602378929481733,1.0,inductive
HDBSCAN-TFIDF,Cluster 399,3,0.2162718846549948,1.0,0.3556308213378492,1.0,inductive
HDBSCAN-TFIDF,Cluster 400,6,0.9615384615384616,0.9906103286384976,0.9758579224863565,1.0,inductive
HDBSCAN-TFIDF,Cluster 401,3,0.42166344294003866,1.0,0.5931972789115646,1.0,inductive
HDBSCAN-TFIDF,Cluster 402,4,0.462157809983897,1.0,0.6321585903083701,1.0,inductive
HDBSCAN-TFIDF,Cluster 403,2,0.06573223779603676,1.0,0.12335600907029484,1.0,inductive
HDBSCAN-TFIDF,Cluster 404,23,0.29853862212943627,0.9861229083628178,0.45832426257848946,1.0,inductive
HDBSCAN-TFIDF,Cluster 405,4,0.04457527333894029,1.0,0.0853462157809984,1.0,inductive
HDBSCAN-TFIDF,Cluster 406,6,0.04201322243548733,0.9317172537699427,0.0804009840221117,1.0,inductive
HDBSCAN-TFIDF,Cluster 407,2,0.041654444118509826,1.0,0.07997747113489158,1.0,inductive
HDBSCAN-TFIDF,Cluster 408,2,0.867816091954023,1.0,0.9292307692307692,1.0,inductive
HDBSCAN-TFIDF,Cluster 409,4,0.057652851867049604,0.9950728931160833,0.10899095111359174,1.0,inductive
HDBSCAN-TFIDF,Cluster 410,3,0.08231458842705786,1.0,0.15210843373493974,1.0,inductive
HDBSCAN-TFIDF,Cluster 411,3,0.04550264550264549,0.9975550122249389,0.08703525016929305,1.0,inductive
HDBSCAN-TFIDF,Cluster 412,4,0.057454392954497835,1.0,0.10866547689867151,1.0,inductive
HDBSCAN-TFIDF,Cluster 413,4,0.04373941167411055,1.0,0.0838128965619005,1.0,inductive
HDBSCAN-TFIDF,Cluster 414,2,0.0676043557168784,1.0,0.12664683382915426,1.0,inductive
HDBSCAN-TFIDF,Cluster 415,2,0.6384976525821596,1.0,0.7793696275071634,1.0,inductive
HDBSCAN-TFIDF,Cluster 416,4,0.4851138353765324,1.0,0.6533018867924528,1.0,inductive
HDBSCAN-TFIDF,Cluster 417,2,0.5551020408163265,1.0,0.7139107611548556,1.0,inductive
HDBSCAN-TFIDF,Cluster 418,5,0.05946351528793847,0.9728321880742027,0.11207645541823057,1.0,inductive
HDBSCAN-TFIDF,Cluster 419,2,0.33492822966507174,1.0,0.5017921146953405,1.0,inductive
HDBSCAN-TFIDF,Cluster 420,4,0.5745614035087719,1.0,0.7298050139275767,1.0,inductive
HDBSCAN-TFIDF,Cluster 421,2,0.8614457831325302,1.0,0.9255663430420712,1.0,inductive
HDBSCAN-TFIDF,Cluster 422,3,0.6142857142857143,1.0,0.7610619469026549,1.0,inductive
HDBSCAN-TFIDF,Cluster 423,6,0.04551129270230392,0.9781491002570694,0.08697577890963977,1.0,inductive
HDBSCAN-TFIDF,Cluster 424,4,0.6987341772151898,1.0,0.8226527570789866,1.0,inductive
HDBSCAN-TFIDF,Cluster 425,4,0.0487724501565332,0.9972611056993022,0.09299676343742805,1.0,inductive
HDBSCAN-TFIDF,Cluster 426,3,0.05311223263638554,1.0,0.10086718393427668,1.0,inductive
HDBSCAN-TFIDF,Cluster 427,3,0.9155555555555556,1.0,0.9559164733178653,1.0,inductive
HDBSCAN-TFIDF,Cluster 428,5,0.05770782889426962,0.9794478917833971,0.10899387666291543,1.0,inductive
HDBSCAN-TFIDF,Cluster 429,2,0.7089947089947091,1.0,0.8297213622291022,1.0,inductive
HDBSCAN-TFIDF,Cluster 430,5,0.37743589743589745,0.9980506822612085,0.5477336682248425,1.0,inductive
HDBSCAN-TFIDF,Cluster 431,4,0.513184584178499,1.0,0.67828418230563,1.0,inductive
HDBSCAN-TFIDF,Cluster 432,3,0.6017964071856288,1.0,0.7514018691588785,1.0,inductive
HDBSCAN-TFIDF,Cluster 433,8,0.05318824366927688,0.9905393199455894,0.10095555305791754,1.0,inductive
HDBSCAN-TFIDF,Cluster 434,2,0.0395333765392093,1.0,0.07605985037406478,1.0,inductive
HDBSCAN-TFIDF,Cluster 435,2,0.1821086261980831,1.0,0.3081081081081082,1.0,inductive
HDBSCAN-TFIDF,Cluster 436,4,0.040058384690236815,1.0,0.0770310307188524,1.0,inductive
HDBSCAN-TFIDF,Cluster 437,2,0.3864229765013055,1.0,0.5574387947269304,1.0,inductive
HDBSCAN-TFIDF,Cluster 438,3,0.8638297872340426,1.0,0.9269406392694064,1.0,inductive
HDBSCAN-TFIDF,Cluster 439,8,0.5115384615384615,0.9973154362416108,0.6762287649906763,0.875,inductive
HDBSCAN-TFIDF,Cluster 440,3,0.5722222222222222,1.0,0.7279151943462897,1.0,inductive
HDBSCAN-TFIDF,Cluster 441,9,0.06409710391822832,0.9755689187595802,0.12029082609445782,1.0,inductive
HDBSCAN-TFIDF,Cluster 442,6,0.058258258258258255,0.9904106913035484,0.1100435020218962,1.0,inductive
HDBSCAN-TFIDF,Cluster 443,2,0.06450094161958564,1.0,0.12118531623175577,1.0,inductive
HDBSCAN-TFIDF,Cluster 444,9,0.042021245378249916,0.9467159518610252,0.08047069216720944,1.0,inductive
HDBSCAN-TFIDF,Cluster 445,3,0.7106109324758842,1.0,0.8308270676691729,1.0,inductive
HDBSCAN-TFIDF,Cluster 446,3,0.49656750572082375,1.0,0.6636085626911316,1.0,inductive
HDBSCAN-TFIDF,Cluster 447,4,0.3524492234169654,1.0,0.5212014134275619,1.0,inductive
HDBSCAN-TFIDF,Cluster 448,2,0.1634121274409044,1.0,0.2809187279151943,1.0,inductive
HDBSCAN-TFIDF,Cluster 449,5,0.18671548117154813,0.9962546816479401,0.3144900490304035,1.0,inductive
HDBSCAN-TFIDF,Cluster 450,7,0.49502133712660024,0.9927113702623906,0.6606204292577679,1.0,inductive
HDBSCAN-TFIDF,Cluster 451,5,0.4580152671755725,0.9818732154623325,0.6246496566020661,1.0,inductive
HDBSCAN-TFIDF,Cluster 452,2,0.6379310344827587,1.0,0.7789473684210527,1.0,inductive
HDBSCAN-TFIDF,Cluster 453,2,0.059082892416225774,1.0,0.11157368859283934,1.0,inductive
HDBSCAN-TFIDF,Cluster 454,2,0.09004438807863036,1.0,0.16521233275159986,1.0,inductive
HDBSCAN-TFIDF,Cluster 455,3,0.2201565557729941,1.0,0.36086607858861264,1.0,inductive
HDBSCAN-TFIDF,Cluster 456,15,0.046174601793019465,0.9729672501411633,0.08816510723733634,1.0,inductive
HDBSCAN-TFIDF,Cluster 457,3,0.3800475059382423,1.0,0.5507745266781412,1.0,inductive
HDBSCAN-TFIDF,Cluster 458,10,0.20546318289786225,0.9825651361631939,0.33985883508250947,1.0,inductive
HDBSCAN-TFIDF,Cluster 459,7,0.5333333333333333,0.9760985212986427,0.689777251524707,1.0,inductive
HDBSCAN-TFIDF,Cluster 460,12,0.4205378973105135,0.9805180806583398,0.5886203240969512,1.0,inductive
HDBSCAN-TFIDF,Cluster 461,3,0.8706896551724138,1.0,0.9308755760368664,0.6666666666666666,inductive
HDBSCAN-TFIDF,Cluster 462,8,0.7634730538922155,0.9936305732484076,0.8634780060560674,1.0,inductive
HDBSCAN-TFIDF,Cluster 463,2,0.6859903381642511,1.0,0.813753581661891,1.0,inductive
HDBSCAN-TFIDF,Cluster 464,7,0.8485981308411215,0.9913941480206541,0.914455164407082,1.0,inductive
HDBSCAN-TFIDF,Cluster 465,2,0.6884422110552764,1.0,0.8154761904761905,1.0,inductive
HDBSCAN-TFIDF,Cluster 466,13,0.5590692124105012,0.9904286624203822,0.714706591396369,1.0,inductive
HDBSCAN-TFIDF,Cluster 467,2,0.18807947019867555,1.0,0.31661092530657753,1.0,inductive
HDBSCAN-TFIDF,Cluster 468,4,0.10133542812254515,0.9975609756097561,0.18398143482574222,1.0,inductive
HDBSCAN-TFIDF,Cluster 469,2,0.03875763206795857,1.0,0.07462305136723738,1.0,inductive
HDBSCAN-TFIDF,Cluster 470,5,0.044674000536624625,0.9677667053443451,0.08540551572600172,1.0,inductive
HDBSCAN-TFIDF,Cluster 471,3,0.04949543488707353,1.0,0.09432234432234433,1.0,inductive
HDBSCAN-TFIDF,Cluster 472,7,0.04813023475286071,0.9910925430584956,0.09180229259346367,1.0,inductive
HDBSCAN-TFIDF,Cluster 473,2,0.5153846153846153,1.0,0.6802030456852791,1.0,inductive
HDBSCAN-TFIDF,Cluster 474,2,0.8652482269503546,1.0,0.9277566539923954,1.0,inductive
HDBSCAN-TFIDF,Cluster 475,2,0.4965986394557823,1.0,0.6636363636363637,1.0,inductive
HDBSCAN-TFIDF,Cluster 476,8,0.04911226923416656,0.9978021978021978,0.09361668354746788,1.0,inductive
HDBSCAN-TFIDF,Cluster 477,16,0.4316877152698049,0.9924180530852433,0.6016613252311007,1.0,inductive
HDBSCAN-TFIDF,Cluster 478,4,0.5887445887445888,1.0,0.7411444141689374,1.0,inductive
HDBSCAN-TFIDF,Cluster 479,6,0.5257879656160458,0.9868488253319714,0.6860513235522819,1.0,inductive
HDBSCAN-TFIDF,Cluster 480,3,0.05964161540518853,1.0,0.11256940938919732,1.0,inductive
HDBSCAN-TFIDF,Cluster 481,4,0.49248120300751874,0.9969879518072289,0.6592923717860998,1.0,inductive
HDBSCAN-TFIDF,Cluster 482,5,0.04027470608776629,0.9551954584650761,0.07729054614777056,1.0,inductive
HDBSCAN-TFIDF,Cluster 483,3,0.054293628808864236,0.9946236559139785,0.10296660826402156,1.0,inductive
HDBSCAN-TFIDF,Cluster 484,5,0.49301675977653636,0.9888145977846226,0.6579725372013436,1.0,inductive
HDBSCAN-TFIDF,Cluster 485,11,0.5215547703180212,0.9968421052631579,0.6848114134255708,1.0,inductive
HDBSCAN-TFIDF,Cluster 486,3,0.9036697247706422,1.0,0.9493975903614458,1.0,inductive
HDBSCAN-TFIDF,Cluster 487,2,0.23709677419354835,1.0,0.38331160365058664,1.0,inductive
HDBSCAN-TFIDF,Cluster 488,3,0.04463289444320462,1.0,0.0854518265327921,1.0,inductive
HDBSCAN-TFIDF,Cluster 489,4,0.040783511182575616,1.0,0.07837078651685388,1.0,inductive
HDBSCAN-TFIDF,Cluster 490,7,0.6207430340557276,0.9852941176470589,0.7616442239546422,1.0,inductive
HDBSCAN-TFIDF,Cluster 491,8,0.32809667673716014,0.9974126778783958,0.4937691066576088,1.0,inductive
HDBSCAN-TFIDF,Cluster 492,2,0.08036739380022961,1.0,0.14877789585547288,1.0,inductive
HDBSCAN-TFIDF,Cluster 493,2,0.06545961002785516,1.0,0.12287581699346409,1.0,inductive
HDBSCAN-TFIDF,Cluster 494,7,0.05945681428920968,0.9734008479072164,0.11206832376090178,1.0,inductive
HDBSCAN-TFIDF,Cluster 495,6,0.04982161060142709,0.9711499783402437,0.09478080796862648,1.0,inductive
HDBSCAN-TFIDF,Cluster 496,4,0.3716129032258064,1.0,0.541862652869238,1.0,inductive
HDBSCAN-TFIDF,Cluster 497,2,0.9183673469387755,1.0,0.9574468085106383,1.0,inductive
HDBSCAN-TFIDF,Cluster 498,5,0.044922372104861275,0.9694386554621849,0.08586584624206728,1.0,inductive
HDBSCAN-TFIDF,Cluster 499,5,0.05546545572494321,0.967271791711078,0.10491486620172881,1.0,inductive
HDBSCAN-TFIDF,Cluster 500,11,0.08481933364617555,0.9983883964544722,0.1563553068430811,1.0,inductive
HDBSCAN-TFIDF,Cluster 501,5,0.44233206590621044,0.9922064095100953,0.6118828019535952,1.0,inductive
HDBSCAN-TFIDF,Cluster 502,3,0.1710620099786172,1.0,0.2921485088253195,1.0,inductive
HDBSCAN-TFIDF,Cluster 503,3,0.41532258064516125,1.0,0.5868945868945868,1.0,inductive
HDBSCAN-TFIDF,Cluster 504,2,0.6612021857923498,1.0,0.7960526315789475,1.0,inductive
HDBSCAN-TFIDF,Cluster 505,21,0.08343051942226609,0.9709439861941926,0.1536576627500022,1.0,inductive
HDBSCAN-TFIDF,Cluster 506,5,0.06514817536125395,0.9779354695642533,0.12215839405230469,1.0,inductive
HDBSCAN-TFIDF,Cluster 507,2,0.09172259507829983,0.9951219512195122,0.16796361190043485,1.0,inductive
HDBSCAN-TFIDF,Cluster 508,2,0.08083832335329344,1.0,0.14958448753462608,1.0,inductive
HDBSCAN-TFIDF,Cluster 509,4,0.055975436939064704,1.0,0.10601655110713486,1.0,inductive
HDBSCAN-TFIDF,Cluster 510,5,0.6934865900383143,1.0,0.8190045248868779,1.0,inductive
HDBSCAN-TFIDF,Cluster 511,4,0.05543584720861905,0.9125817768085711,0.10452236134831293,1.0,inductive
HDBSCAN-TFIDF,Cluster 512,2,0.049437436072280905,1.0,0.09421702404158538,1.0,inductive
HDBSCAN-TFIDF,Cluster 513,2,0.217687074829932,1.0,0.3575418994413408,1.0,inductive
HDBSCAN-TFIDF,Cluster 514,3,0.08963963963963961,1.0,0.16453079785035135,1.0,inductive
HDBSCAN-TFIDF,Cluster 515,16,0.03703460071043285,0.9856945604752623,0.07138704136943806,1.0,inductive
HDBSCAN-TFIDF,Cluster 516,5,0.07451212300413956,1.0,0.13869014859658776,1.0,inductive
HDBSCAN-TFIDF,Cluster 517,3,0.7463768115942029,1.0,0.8547717842323651,1.0,inductive
HDBSCAN-TFIDF,Cluster 518,5,0.5340909090909092,1.0,0.6962962962962964,1.0,inductive
HDBSCAN-TFIDF,Cluster 519,3,0.2369020501138952,1.0,0.38305709023941065,1.0,inductive
HDBSCAN-TFIDF,Cluster 520,4,0.7981927710843373,1.0,0.8877721943048575,1.0,inductive
HDBSCAN-TFIDF,Cluster 521,3,0.05050065302568563,1.0,0.09614587650227924,1.0,inductive
HDBSCAN-TFIDF,Cluster 522,3,0.5638888888888889,1.0,0.7211367673179396,1.0,inductive
HDBSCAN-TFIDF,Cluster 523,5,0.3664529914529915,0.9895363039542847,0.5348398250097846,1.0,inductive
HDBSCAN-TFIDF,Cluster 524,3,0.07559478127398311,1.0,0.14056368176953266,1.0,inductive
HDBSCAN-TFIDF,Cluster 525,4,0.0588714605826034,1.0,0.11119661408233937,1.0,inductive
HDBSCAN-TFIDF,Cluster 526,4,0.06983034177526437,1.0,0.13054470236727198,1.0,inductive
HDBSCAN-TFIDF,Cluster 527,3,0.059308510638297895,1.0,0.11197589756464979,1.0,inductive
HDBSCAN-TFIDF,Cluster 528,6,0.05224093634027971,0.9734336144683071,0.09916027154000724,1.0,inductive
HDBSCAN-TFIDF,Cluster 529,8,0.07703326436415725,0.9935099830309411,0.1429803370531302,1.0,inductive
HDBSCAN-TFIDF,Cluster 530,2,0.06826923076923075,1.0,0.12781278127812779,1.0,inductive
HDBSCAN-TFIDF,Cluster 531,2,0.03480589022757696,1.0,0.06727037516170761,1.0,inductive
HDBSCAN-TFIDF,Cluster 532,3,0.07614607614607616,1.0,0.14151624548736463,1.0,inductive
HDBSCAN-TFIDF,Cluster 533,6,0.03394529786436873,1.0,0.06566169010001459,1.0,inductive
HDBSCAN-TFIDF,Cluster 534,10,0.05227126288659789,0.9650814791001707,0.09917116378438548,1.0,inductive
HDBSCAN-TFIDF,Cluster 535,2,0.7272727272727273,1.0,0.8421052631578948,1.0,inductive
HDBSCAN-TFIDF,Cluster 536,18,0.07453663721517301,0.9814519261499127,0.13855098189785472,1.0,inductive
HDBSCAN-TFIDF,Cluster 537,3,0.06866825208085614,1.0,0.12851182197496525,1.0,inductive
HDBSCAN-TFIDF,Cluster 538,4,0.05646853146853148,1.0,0.10690054608638094,1.0,inductive
HDBSCAN-TFIDF,Cluster 539,4,0.08213552361396304,1.0,0.15180265654648958,1.0,inductive
HDBSCAN-TFIDF,Cluster 540,3,0.48009367681498827,1.0,0.6487341772151899,1.0,inductive
HDBSCAN-TFIDF,Cluster 541,4,0.052631578947368474,1.0,0.10000000000000009,1.0,inductive
HDBSCAN-TFIDF,Cluster 542,5,0.0421105401679408,0.9623668437349089,0.08069029383604885,1.0,inductive
HDBSCAN-TFIDF,Cluster 543,3,0.02949709864603478,1.0,0.057303898543917264,1.0,inductive
HDBSCAN-TFIDF,Cluster 544,7,0.05339265850945496,0.9754525089605735,0.10124361633771324,1.0,inductive
HDBSCAN-TFIDF,Cluster 545,8,0.040715557714100736,0.9558482438701126,0.07810417010400854,1.0,inductive
HDBSCAN-TFIDF,Cluster 546,5,0.1709646609360076,0.9961464354527938,0.2918416903185114,1.0,inductive
HDBSCAN-TFIDF,Cluster 547,5,0.4576719576719577,1.0,0.6279491833030854,1.0,inductive
HDBSCAN-TFIDF,Cluster 548,3,0.9439252336448598,1.0,0.9711538461538461,1.0,inductive
HDBSCAN-TFIDF,Cluster 549,2,0.6221198156682028,1.0,0.7670454545454546,1.0,inductive
HDBSCAN-TFIDF,Cluster 550,6,0.44820065430752454,1.0,0.6189759036144579,1.0,inductive
HDBSCAN-TFIDF,Cluster 551,4,0.48415492957746475,1.0,0.6524317912218268,1.0,inductive
HDBSCAN-TFIDF,Cluster 552,15,0.5130221130221131,0.9992283950617284,0.677964741801683,0.9333333333333333,inductive
HDBSCAN-TFIDF,Cluster 553,3,0.4751131221719457,1.0,0.6441717791411042,1.0,inductive
HDBSCAN-TFIDF,Cluster 554,3,0.16389728096676737,1.0,0.281635301752109,1.0,inductive
HDBSCAN-TFIDF,Cluster 555,4,0.21549636803874095,1.0,0.3545816733067729,1.0,inductive
HDBSCAN-TFIDF,Cluster 556,2,0.7909604519774012,1.0,0.8832807570977919,1.0,inductive
HDBSCAN-TFIDF,Cluster 557,7,0.48659003831417624,0.9864864864864865,0.6517169871006292,1.0,inductive
HDBSCAN-TFIDF,Cluster 558,4,0.34042553191489366,1.0,0.507936507936508,1.0,inductive
HDBSCAN-TFIDF,Cluster 559,4,0.07957128937966873,1.0,0.14741275571600482,1.0,inductive
HDBSCAN-TFIDF,Cluster 560,5,0.04295062462819754,0.9979329343592667,0.08235665266819102,1.0,inductive
HDBSCAN-TFIDF,Cluster 561,2,0.21696574225122345,1.0,0.35656836461126,1.0,inductive
HDBSCAN-TFIDF,Cluster 562,4,0.22479338842975205,1.0,0.36707152496626183,1.0,inductive
HDBSCAN-TFIDF,Cluster 563,4,0.5198487712665407,1.0,0.6840796019900498,0.75,inductive
HDBSCAN-TFIDF,Cluster 564,7,0.8920863309352518,0.991701244813278,0.9392599635528088,0.8571428571428571,inductive
HDBSCAN-TFIDF,Cluster 565,2,0.9696969696969697,1.0,0.9846153846153847,0.5,inductive
HDBSCAN-TFIDF,Cluster 566,7,0.06483462234655257,0.993103448275862,0.12172260136577497,1.0,inductive
HDBSCAN-TFIDF,Cluster 567,10,0.7481481481481482,0.9841929047568663,0.8500890721023273,1.0,inductive
HDBSCAN-TFIDF,Cluster 568,7,0.21701199563794982,0.9947916666666666,0.356298188465234,1.0,inductive
HDBSCAN-TFIDF,Cluster 569,3,0.23424494649227112,1.0,0.37957610789980734,1.0,inductive
HDBSCAN-TFIDF,Cluster 570,2,0.9672131147540983,1.0,0.9833333333333333,0.5,inductive
HDBSCAN-TFIDF,Cluster 571,3,0.9672131147540983,1.0,0.9833333333333333,0.3333333333333333,inductive
HDBSCAN-TFIDF,Cluster 572,5,0.21788079470198674,0.9975062344139651,0.35764319655836363,1.0,inductive
HDBSCAN-TFIDF,Cluster 573,8,0.2313150425733207,0.9968503937007874,0.37549744431444115,0.875,inductive
HDBSCAN-TFIDF,Cluster 574,5,0.04970465350814002,1.0,0.09470216854241006,1.0,inductive
HDBSCAN-TFIDF,Cluster 575,8,0.08825271470878582,0.9908151549942594,0.1620697449307122,1.0,inductive
HDBSCAN-TFIDF,Cluster 576,5,0.5958549222797928,1.0,0.7467532467532468,1.0,inductive
HDBSCAN-TFIDF,Cluster 577,2,0.22184300341296925,1.0,0.3631284916201117,1.0,inductive
HDBSCAN-TFIDF,Cluster 578,4,0.21579804560260585,1.0,0.35498995311453446,1.0,inductive
HDBSCAN-TFIDF,Cluster 579,2,0.8888888888888888,1.0,0.9411764705882353,1.0,inductive
HDBSCAN-TFIDF,Cluster 580,2,0.04014167650531286,1.0,0.07718501702610668,1.0,inductive
HDBSCAN-TFIDF,Cluster 581,17,0.09722648654180743,0.9740240605601478,0.17680445993076307,1.0,inductive
HDBSCAN-TFIDF,Cluster 582,2,0.8106508875739645,1.0,0.8954248366013072,1.0,inductive
HDBSCAN-TFIDF,Cluster 583,8,0.046732969735857166,0.9872703750466807,0.08924163889985912,1.0,inductive
HDBSCAN-TFIDF,Cluster 584,4,0.2654614652711703,0.9974554707379135,0.419324475355562,1.0,inductive
HDBSCAN-TFIDF,Cluster 585,3,0.6094674556213018,1.0,0.7573529411764706,1.0,inductive
HDBSCAN-TFIDF,Cluster 586,7,0.2154633314383172,0.9920990965991429,0.3540371437650676,0.8571428571428571,inductive
HDBSCAN-TFIDF,Cluster 587,4,0.05954735223027907,1.0,0.11240149315636669,1.0,inductive
HDBSCAN-TFIDF,Cluster 588,27,0.16699229973566254,0.964658453807354,0.2847000864116246,1.0,inductive
HDBSCAN-TFIDF,Cluster 589,3,0.42008196721311475,1.0,0.5916305916305916,1.0,inductive
HDBSCAN-TFIDF,Cluster 590,7,0.5862068965517242,0.9897435897435898,0.7363105924596051,1.0,inductive
HDBSCAN-TFIDF,Cluster 591,4,0.4183098591549296,1.0,0.58987090367428,1.0,inductive
HDBSCAN-TFIDF,Cluster 592,2,0.8978102189781022,1.0,0.9461538461538462,1.0,inductive
HDBSCAN-TFIDF,Cluster 593,2,0.21440261865793786,1.0,0.3530997304582211,1.0,inductive
HDBSCAN-TFIDF,Cluster 594,8,0.060481001850007154,0.984267569475706,0.11395945459838906,1.0,inductive
HDBSCAN-TFIDF,Cluster 595,4,0.4716981132075472,1.0,0.641025641025641,1.0,inductive
HDBSCAN-TFIDF,Cluster 596,3,0.5338753387533876,1.0,0.696113074204947,1.0,inductive
HDBSCAN-TFIDF,Cluster 597,3,0.5380577427821522,1.0,0.6996587030716723,1.0,inductive
HDBSCAN-TFIDF,Cluster 598,3,0.06678260869565222,1.0,0.1252037821975873,1.0,inductive
HDBSCAN-TFIDF,Cluster 599,5,0.06637536412817313,0.9620297279871748,0.12418272524483759,1.0,inductive
HDBSCAN-TFIDF,Cluster 600,3,0.05059178463680669,1.0,0.09631102275237466,1.0,inductive
HDBSCAN-TFIDF,Cluster 601,2,0.7109004739336493,1.0,0.8310249307479225,1.0,inductive
HDBSCAN-TFIDF,Cluster 602,4,0.3906666666666667,1.0,0.5618408437200384,1.0,inductive
HDBSCAN-TFIDF,Cluster 603,5,0.5548489666136724,1.0,0.7137014314928425,1.0,inductive
HDBSCAN-TFIDF,Cluster 604,7,0.15444015444015446,0.983914430054593,0.26697462917667736,1.0,inductive
HDBSCAN-TFIDF,Cluster 605,10,0.18278454757583618,0.986358868493465,0.3084158145989249,1.0,inductive
HDBSCAN-TFIDF,Cluster 606,3,0.6688311688311688,1.0,0.801556420233463,1.0,inductive
HDBSCAN-TFIDF,Cluster 607,2,0.22687609075043635,1.0,0.3698435277382647,1.0,inductive
HDBSCAN-TFIDF,Cluster 608,11,0.2115812917594655,0.994502997002997,0.34892789952592723,1.0,inductive
HDBSCAN-TFIDF,Cluster 609,2,0.6632653061224489,1.0,0.7975460122699386,1.0,inductive
HDBSCAN-TFIDF,Cluster 610,5,0.2669983416252073,0.9941785057159231,0.42094653555557915,1.0,inductive
HDBSCAN-TFIDF,Cluster 611,4,0.08231992516370434,1.0,0.15211754537597225,1.0,inductive
HDBSCAN-TFIDF,Cluster 612,6,0.6694772344013491,0.9979879275653923,0.8013723020448197,0.8333333333333334,inductive
HDBSCAN-TFIDF,Cluster 613,3,0.5287958115183247,1.0,0.6917808219178083,1.0,inductive
HDBSCAN-TFIDF,Cluster 614,7,0.516728624535316,0.9916943521594684,0.6794339074224938,1.0,inductive
HDBSCAN-TFIDF,Cluster 615,2,0.8068181818181819,1.0,0.8930817610062893,1.0,inductive
HDBSCAN-TFIDF,Cluster 616,4,0.03741814780168384,0.9965606114468539,0.07212808177907942,1.0,inductive
HDBSCAN-TFIDF,Cluster 617,3,0.40417457305502846,1.0,0.5756756756756757,1.0,inductive
HDBSCAN-TFIDF,Cluster 618,7,0.04118110926136864,0.9248378912542872,0.07885114108204196,1.0,inductive
HDBSCAN-TFIDF,Cluster 619,3,0.6047904191616766,1.0,0.753731343283582,1.0,inductive
HDBSCAN-TFIDF,Cluster 620,4,0.040513983371126217,1.0,0.0778730204852535,1.0,inductive
HDBSCAN-TFIDF,Cluster 621,7,0.06484510294400614,0.9698303772522523,0.12156227117553382,1.0,inductive
HDBSCAN-TFIDF,Cluster 622,8,0.05000919286633576,0.9711256103649919,0.09512007188962487,1.0,inductive
HDBSCAN-TFIDF,Cluster 623,2,0.4319526627218935,1.0,0.6033057851239669,1.0,inductive
HDBSCAN-TFIDF,Cluster 624,5,0.03223838982312455,0.9550125106222265,0.06237130923762469,1.0,inductive
HDBSCAN-TFIDF,Cluster 625,5,0.03347318496898943,1.0,0.06477804253816966,1.0,inductive
HDBSCAN-TFIDF,Cluster 626,4,0.6721311475409837,1.0,0.803921568627451,0.75,inductive
HDBSCAN-TFIDF,Cluster 627,3,0.8740157480314961,1.0,0.9327731092436975,1.0,inductive
HDBSCAN-TFIDF,Cluster 628,3,0.2136752136752137,1.0,0.352112676056338,1.0,inductive
HDBSCAN-TFIDF,Cluster 629,3,0.04437609841827772,1.0,0.08498106857383264,1.0,inductive
HDBSCAN-TFIDF,Cluster 630,2,0.46376811594202894,1.0,0.6336633663366337,1.0,inductive
HDBSCAN-TFIDF,Cluster 631,2,0.9705882352941176,1.0,0.9850746268656716,0.5,inductive
HDBSCAN-TFIDF,Cluster 632,8,0.06266666666666665,0.970792904047829,0.1177334015655215,1.0,inductive
HDBSCAN-TFIDF,Cluster 633,4,0.0969985358711567,1.0,0.17684351017684358,1.0,inductive
HDBSCAN-TFIDF,Cluster 634,5,0.2242547425474255,1.0,0.36635307138904266,0.8,inductive
HDBSCAN-TFIDF,Cluster 635,3,0.6041666666666667,1.0,0.7532467532467533,0.6666666666666666,inductive
HDBSCAN-TFIDF,Cluster 636,4,0.04114464692482911,0.9143207790117496,0.07874571827985792,1.0,inductive
HDBSCAN-TFIDF,Cluster 637,3,0.082675529705027,1.0,0.15272448196469685,1.0,inductive
HDBSCAN-TFIDF,Cluster 638,2,0.22591943957968474,1.0,0.3685714285714285,1.0,inductive
HDBSCAN-TFIDF,Cluster 639,6,0.6,0.9921104536489151,0.7477700693756193,1.0,inductive
HDBSCAN-TFIDF,Cluster 640,11,0.5816164817749604,0.9989406779661016,0.7351842469470973,0.8181818181818182,inductive
HDBSCAN-TFIDF,Cluster 641,6,0.0357212570759321,0.9972565157750343,0.06897197075660196,1.0,inductive
HDBSCAN-TFIDF,Cluster 642,3,0.8163265306122449,1.0,0.898876404494382,1.0,inductive
HDBSCAN-TFIDF,Cluster 643,4,0.672093023255814,1.0,0.803894297635605,1.0,inductive
HDBSCAN-TFIDF,Cluster 644,3,0.0719215401380312,1.0,0.1341917993900372,1.0,inductive
HDBSCAN-TFIDF,Cluster 645,14,0.10842463165848126,0.9905797101449275,0.19545553391460818,1.0,inductive
HDBSCAN-TFIDF,Cluster 646,5,0.06200561367695845,0.9923195084485407,0.11671803847550835,1.0,inductive
HDBSCAN-TFIDF,Cluster 647,4,0.21632653061224494,1.0,0.3557046979865773,1.0,inductive
HDBSCAN-TFIDF,Cluster 648,4,0.2253164556962025,1.0,0.3677685950413223,1.0,inductive
HDBSCAN-TFIDF,Cluster 649,4,0.3363329583802025,1.0,0.5033670033670035,1.0,inductive
HDBSCAN-TFIDF,Cluster 650,6,0.03868109397631425,1.0,0.07448117463702737,1.0,inductive
HDBSCAN-TFIDF,Cluster 651,3,0.9514563106796117,1.0,0.9751243781094527,0.6666666666666666,inductive
HDBSCAN-TFIDF,Cluster 652,4,0.06185318892900116,0.99671532496449,0.11647809375456705,1.0,inductive
HDBSCAN-TFIDF,Cluster 653,5,0.3486410496719775,1.0,0.5170257123002086,1.0,inductive
HDBSCAN-TFIDF,Cluster 654,3,0.577023498694517,1.0,0.7317880794701987,1.0,inductive
HDBSCAN-TFIDF,Cluster 655,9,0.06231276213301373,0.9924021672202785,0.11726262417504957,1.0,inductive
HDBSCAN-TFIDF,Cluster 656,2,0.07355418304323413,1.0,0.13702928870292888,1.0,inductive
HDBSCAN-TFIDF,Cluster 657,3,0.5527638190954773,1.0,0.7119741100323624,1.0,inductive
HDBSCAN-TFIDF,Cluster 658,3,0.06589403973509933,1.0,0.1236408822615719,1.0,inductive
HDBSCAN-TFIDF,Cluster 659,4,0.06307366439162154,1.0,0.11866282931148991,1.0,inductive
HDBSCAN-TFIDF,Cluster 660,3,0.06516705259675815,1.0,0.12236024844720489,1.0,inductive
HDBSCAN-TFIDF,Cluster 661,4,0.06405607928450563,1.0,0.12039981826442518,1.0,inductive
HDBSCAN-TFIDF,Cluster 662,3,0.8755555555555555,1.0,0.933649289099526,1.0,inductive
HDBSCAN-TFIDF,Cluster 663,5,0.5511811023622047,1.0,0.7106598984771574,1.0,inductive
HDBSCAN-TFIDF,Cluster 664,3,0.07256697185486605,1.0,0.1353145747707872,1.0,inductive
HDBSCAN-TFIDF,Cluster 665,10,0.05667708421319373,1.0,0.1072741806554757,1.0,inductive
HDBSCAN-TFIDF,Cluster 666,19,0.0849336345665066,0.992681716758856,0.156478962680614,0.9473684210526315,inductive
HDBSCAN-TFIDF,Cluster 667,5,0.43511450381679384,1.0,0.6063829787234042,1.0,inductive
HDBSCAN-TFIDF,Cluster 668,6,0.26050955414012744,0.9969325153374233,0.41307739160700085,1.0,inductive
HDBSCAN-TFIDF,Cluster 669,6,0.4773333333333334,0.9805210480381781,0.6420879701623444,1.0,inductive
HDBSCAN-TFIDF,Cluster 670,7,0.7722772277227723,0.9829642248722317,0.8649760241392233,1.0,inductive
HDBSCAN-TFIDF,Cluster 671,3,0.041189042160481804,1.0,0.07911923866392977,1.0,inductive
HDBSCAN-TFIDF,Cluster 672,2,0.7431693989071038,1.0,0.8526645768025078,1.0,inductive
HDBSCAN-TFIDF,Cluster 673,7,0.05248588196213044,0.9696506966978431,0.09958154922525422,1.0,inductive
HDBSCAN-TFIDF,Cluster 674,4,0.2817824377457405,0.9951040171089072,0.4391977605924971,1.0,inductive
HDBSCAN-TFIDF,Cluster 675,2,0.6293103448275862,1.0,0.7724867724867724,1.0,inductive
HDBSCAN-TFIDF,Cluster 676,3,0.5744125326370757,1.0,0.7296849087893864,1.0,inductive
HDBSCAN-TFIDF,Cluster 677,4,0.541501976284585,1.0,0.7025641025641025,1.0,inductive
HDBSCAN-TFIDF,Cluster 678,12,0.6219758064516129,0.9859566476807973,0.76276982841108,1.0,inductive
HDBSCAN-TFIDF,Cluster 679,3,0.6298507462686567,1.0,0.7728937728937728,1.0,inductive
HDBSCAN-TFIDF,Cluster 680,6,0.9188405797101449,0.9947916666666666,0.9553088932541278,0.6666666666666666,inductive
HDBSCAN-TFIDF,Cluster 681,4,0.6666666666666667,1.0,0.8,1.0,inductive
HDBSCAN-TFIDF,Cluster 682,4,0.03959439884113958,1.0,0.07617278216442179,0.75,inductive
HDBSCAN-TFIDF,Cluster 683,4,0.9448818897637795,1.0,0.97165991902834,0.5,inductive
HDBSCAN-TFIDF,Cluster 684,2,0.3977591036414566,1.0,0.5691382765531063,1.0,inductive
HDBSCAN-TFIDF,Cluster 685,4,0.5121527777777778,1.0,0.677382319173364,1.0,inductive
HDBSCAN-TFIDF,Cluster 686,2,0.46451612903225803,1.0,0.6343612334801763,1.0,inductive
HDBSCAN-TFIDF,Cluster 687,4,0.0667933749660603,0.9951923076923077,0.12518483828263577,1.0,inductive
HDBSCAN-TFIDF,Cluster 688,2,0.05603448275862066,1.0,0.1061224489795918,1.0,inductive
HDBSCAN-TFIDF,Cluster 689,2,0.05619768832204064,1.0,0.10641509433962261,1.0,inductive
HDBSCAN-TFIDF,Cluster 690,2,0.7213114754098361,1.0,0.8380952380952381,1.0,inductive
HDBSCAN-TFIDF,Cluster 691,2,0.8571428571428572,1.0,0.9230769230769231,1.0,inductive
HDBSCAN-TFIDF,Cluster 692,2,0.5,1.0,0.6666666666666666,1.0,inductive
HDBSCAN-TFIDF,Cluster 693,3,0.3662477558348295,1.0,0.5361366622864653,1.0,inductive
HDBSCAN-TFIDF,Cluster 694,2,0.5509433962264151,1.0,0.7104622871046229,1.0,inductive
HDBSCAN-TFIDF,Cluster 695,4,0.34725848563968664,1.0,0.5155038759689922,1.0,inductive
HDBSCAN-TFIDF,Cluster 696,10,0.6044692737430167,0.9942263279445728,0.7518370173214289,0.9,inductive
HDBSCAN-TFIDF,Cluster 697,3,0.39076376554174064,1.0,0.5619412515964239,1.0,inductive
HDBSCAN-TFIDF,Cluster 698,2,0.031852654387865664,1.0,0.06173876522469552,1.0,inductive
HDBSCAN-TFIDF,Cluster 699,3,0.4218415417558886,1.0,0.5933734939759036,1.0,inductive
HDBSCAN-TFIDF,Cluster 700,2,0.04663677130044841,1.0,0.0891173950299914,1.0,inductive
HDBSCAN-TFIDF,Cluster 701,3,0.038541306602143055,1.0,0.07422200033283398,1.0,inductive
HDBSCAN-TFIDF,Cluster 702,4,0.6122448979591837,1.0,0.759493670886076,1.0,inductive
HDBSCAN-TFIDF,Cluster 703,5,0.25942684766214175,1.0,0.41197604790419157,1.0,inductive
HDBSCAN-TFIDF,Cluster 704,37,0.3873061095283318,0.9893974294515657,0.5566916308825054,1.0,inductive
HDBSCAN-TFIDF,Cluster 705,3,0.4516129032258065,1.0,0.6222222222222222,1.0,inductive
HDBSCAN-TFIDF,Cluster 706,2,0.054338668913226584,1.0,0.10307630842988408,1.0,inductive
HDBSCAN-TFIDF,Cluster 707,3,0.5423280423280423,1.0,0.7032590051457976,1.0,inductive
HDBSCAN-TFIDF,Cluster 708,2,0.36543209876543215,1.0,0.5352622061482822,1.0,inductive
HDBSCAN-TFIDF,Cluster 709,2,0.4903225806451613,1.0,0.658008658008658,1.0,inductive
HDBSCAN-TFIDF,Cluster 710,3,0.6891891891891893,1.0,0.8160000000000001,1.0,inductive
HDBSCAN-TFIDF,Cluster 711,5,0.5346938775510204,0.9949748743718593,0.6955845479290418,1.0,inductive
HDBSCAN-TFIDF,Cluster 712,2,0.18085106382978722,1.0,0.30630630630630623,1.0,inductive
HDBSCAN-TFIDF,Cluster 713,2,0.7208121827411167,1.0,0.8377581120943952,1.0,inductive
HDBSCAN-TFIDF,Cluster 714,8,0.4550209205020921,0.9905660377358491,0.623592054065124,1.0,inductive
HDBSCAN-TFIDF,Cluster 715,2,0.6244131455399061,1.0,0.7687861271676302,1.0,inductive
HDBSCAN-TFIDF,Cluster 716,2,0.6118721461187215,1.0,0.7592067988668556,1.0,inductive
HDBSCAN-TFIDF,Cluster 717,6,0.04634671394200329,0.99568345323741,0.08857067220787068,1.0,inductive
HDBSCAN-TFIDF,Cluster 718,4,0.05571665285832639,1.0,0.10555228565823026,1.0,inductive
HDBSCAN-TFIDF,Cluster 719,3,0.18594306049822062,1.0,0.3135783945986496,1.0,inductive
HDBSCAN-TFIDF,Cluster 720,2,0.04470588235294115,1.0,0.08558558558558554,1.0,inductive
HDBSCAN-TFIDF,Cluster 721,3,0.07003317360855144,1.0,0.13089906992766107,1.0,inductive
HDBSCAN-TFIDF,Cluster 722,2,0.35467980295566504,1.0,0.5236363636363637,1.0,inductive
HDBSCAN-TFIDF,Cluster 723,2,0.19972640218878246,1.0,0.3329532497149373,1.0,inductive
HDBSCAN-TFIDF,Cluster 724,15,0.30515806988352745,0.9853360614633908,0.46599708344117013,1.0,inductive
HDBSCAN-TFIDF,Cluster 725,4,0.3501170960187353,1.0,0.5186470078057241,1.0,inductive
HDBSCAN-TFIDF,Cluster 726,4,0.29640718562874246,1.0,0.4572748267898383,1.0,inductive
HDBSCAN-TFIDF,Cluster 727,3,0.4737945492662474,1.0,0.6429587482219061,1.0,inductive
HDBSCAN-TFIDF,Cluster 728,4,0.062426934767360276,0.9979550102249489,0.11750345735003076,1.0,inductive
HDBSCAN-TFIDF,Cluster 729,3,0.4147727272727273,1.0,0.5863453815261045,1.0,inductive
HDBSCAN-TFIDF,Cluster 730,3,0.4988009592326139,1.0,0.6656,1.0,inductive
HDBSCAN-TFIDF,Cluster 731,3,0.48853211009174313,1.0,0.6563944530046225,1.0,inductive
HDBSCAN-TFIDF,Cluster 732,7,0.1769722814498934,0.9735076044498795,0.29949912880671525,1.0,inductive
HDBSCAN-TFIDF,Cluster 733,4,0.26515837104072393,1.0,0.4191702432045779,1.0,inductive
HDBSCAN-TFIDF,Cluster 734,2,0.18801996672212984,1.0,0.3165266106442578,1.0,inductive
HDBSCAN-TFIDF,Cluster 735,3,0.7071651090342679,1.0,0.8284671532846715,1.0,inductive
HDBSCAN-TFIDF,Cluster 736,10,0.8075313807531381,0.9923371647509579,0.8904465860306037,1.0,inductive
HDBSCAN-TFIDF,Cluster 737,4,0.10037684138403558,1.0,0.1824408468244084,1.0,inductive
HDBSCAN-TFIDF,Cluster 738,5,0.046245733788395915,0.9768028846153847,0.0883104973762474,1.0,inductive
HDBSCAN-TFIDF,Cluster 739,3,0.31383737517831667,1.0,0.47774158523344185,1.0,inductive
HDBSCAN-TFIDF,Cluster 740,2,0.20459290187891443,1.0,0.3396880415944541,1.0,inductive
HDBSCAN-TFIDF,Cluster 741,5,0.431129476584022,0.9931659213392959,0.6012560378309267,1.0,inductive
HDBSCAN-TFIDF,Cluster 742,4,0.039396821084091815,0.9570251265284185,0.07567827620248828,1.0,inductive
HDBSCAN-TFIDF,Cluster 743,8,0.543424317617866,0.9913419913419913,0.7020213331840197,1.0,inductive
HDBSCAN-TFIDF,Cluster 744,3,0.051724137931034475,1.0,0.0983606557377049,1.0,inductive
HDBSCAN-TFIDF,Cluster 745,2,0.21867881548974943,1.0,0.3588785046728972,1.0,inductive
HDBSCAN-TFIDF,Cluster 746,2,0.034324942791762014,1.0,0.06637168141592921,1.0,inductive
HDBSCAN-TFIDF,Cluster 747,2,0.11001964636542239,1.0,0.1982300884955752,1.0,inductive
HDBSCAN-TFIDF,Cluster 748,3,0.07301331181928195,1.0,0.13609022556390973,1.0,inductive
HDBSCAN-TFIDF,Cluster 749,3,0.6655948553054662,1.0,0.7992277992277992,1.0,inductive
HDBSCAN-TFIDF,Cluster 750,3,0.0370106761565836,1.0,0.07137954701441312,1.0,inductive
HDBSCAN-TFIDF,Cluster 751,5,0.9633802816901409,1.0,0.9813486370157819,1.0,inductive
HDBSCAN-TFIDF,Cluster 752,9,0.5570291777188329,1.0,0.715502555366269,1.0,inductive
HDBSCAN-TFIDF,Cluster 753,2,0.912751677852349,1.0,0.9543859649122807,1.0,inductive
HDBSCAN-TFIDF,Cluster 754,2,0.858974358974359,1.0,0.9241379310344828,1.0,inductive
HDBSCAN-TFIDF,Cluster 755,5,0.4059278350515464,0.997979797979798,0.5771145754716106,1.0,inductive
HDBSCAN-TFIDF,Cluster 756,2,0.631336405529954,1.0,0.7740112994350283,1.0,inductive
HDBSCAN-TFIDF,Cluster 757,4,0.3936781609195402,1.0,0.5649484536082474,1.0,inductive
HDBSCAN-TFIDF,Cluster 758,2,0.6979166666666667,1.0,0.8220858895705522,1.0,inductive
HDBSCAN-TFIDF,Cluster 759,8,0.6925996204933587,0.9742877026279646,0.8096423600221481,1.0,inductive
HDBSCAN-TFIDF,Cluster 760,2,0.5555555555555556,1.0,0.7142857142857143,1.0,inductive
HDBSCAN-TFIDF,Cluster 761,4,0.6355140186915889,1.0,0.7771428571428572,0.75,inductive
HDBSCAN-TFIDF,Cluster 762,7,0.6901669758812616,0.9843954641283208,0.8114325561306467,1.0,inductive
HDBSCAN-TFIDF,Cluster 763,4,0.04344440984117093,1.0,0.0832711535591702,1.0,inductive
HDBSCAN-TFIDF,Cluster 764,4,0.9019607843137255,1.0,0.9484536082474228,0.75,inductive
HDBSCAN-TFIDF,Cluster 765,3,0.04542032622333747,0.9973753280839895,0.0868839692255414,1.0,inductive
HDBSCAN-TFIDF,Cluster 766,2,0.8670886075949367,1.0,0.9288135593220339,1.0,inductive
HDBSCAN-TFIDF,Cluster 767,4,0.4108761329305136,1.0,0.582441113490364,1.0,inductive
HDBSCAN-TFIDF,Cluster 768,5,0.03579072532699168,0.9904635527246992,0.06908504007265248,1.0,inductive
HDBSCAN-TFIDF,Cluster 769,8,0.6946959896507114,0.9954476479514416,0.8183132765215089,1.0,inductive
HDBSCAN-TFIDF,Cluster 770,4,0.058073654390934815,1.0,0.10977242302543502,1.0,inductive
HDBSCAN-TFIDF,Cluster 771,2,0.7692307692307692,1.0,0.8695652173913043,1.0,inductive
HDBSCAN-TFIDF,Cluster 772,8,0.29469790382244143,0.9804833773959964,0.45318481428030244,1.0,inductive
HDBSCAN-TFIDF,Cluster 773,3,0.04773699617203331,1.0,0.09112400601762301,1.0,inductive
HDBSCAN-TFIDF,Cluster 774,4,0.9710144927536232,1.0,0.9852941176470589,0.25,inductive
HDBSCAN-TFIDF,Cluster 775,2,0.9710144927536232,1.0,0.9852941176470589,0.5,inductive
HDBSCAN-TFIDF,Cluster 776,2,0.912751677852349,1.0,0.9543859649122807,1.0,inductive
HDBSCAN-TFIDF,Cluster 777,4,0.8081395348837209,1.0,0.8938906752411575,1.0,inductive
HDBSCAN-TFIDF,Cluster 778,2,0.8580645161290322,1.0,0.9236111111111112,1.0,inductive
HDBSCAN-TFIDF,Cluster 779,4,0.8789808917197452,1.0,0.9355932203389831,0.75,inductive
HDBSCAN-TFIDF,Cluster 780,2,0.8,1.0,0.888888888888889,1.0,inductive
HDBSCAN-TFIDF,Cluster 781,12,0.7923566878980892,0.9801246765026503,0.8762950719805065,1.0,inductive
HDBSCAN-TFIDF,Cluster 782,2,0.06196291270918142,1.0,0.11669505962521304,1.0,inductive
HDBSCAN-TFIDF,Cluster 783,3,0.4365591397849462,1.0,0.6077844311377245,1.0,inductive
HDBSCAN-TFIDF,Cluster 784,3,0.23423423423423428,1.0,0.37956204379562053,1.0,inductive
HDBSCAN-TFIDF,Cluster 785,7,0.7175141242937852,0.9927404718693285,0.8329816062735317,0.8571428571428571,inductive
HDBSCAN-TFIDF,Cluster 786,4,0.4749568221070811,1.0,0.6440281030444964,1.0,inductive
HDBSCAN-TFIDF,Cluster 787,5,0.19277108433734935,0.9975124378109452,0.3231021024801711,0.6,inductive
HDBSCAN-TFIDF,Cluster 788,5,0.8807106598984772,1.0,0.9365721997300944,1.0,inductive
HDBSCAN-TFIDF,Cluster 789,2,0.49056603773584906,1.0,0.6582278481012659,1.0,inductive
HDBSCAN-TFIDF,Cluster 790,9,0.7314974182444062,0.9782571664963255,0.8370705340493803,1.0,inductive
HDBSCAN-TFIDF,Cluster 791,2,0.03474903474903479,1.0,0.06716417910447768,1.0,inductive
HDBSCAN-TFIDF,Cluster 792,2,0.7318435754189945,1.0,0.8451612903225807,1.0,inductive
HDBSCAN-TFIDF,Cluster 793,2,0.8253012048192772,1.0,0.9042904290429044,1.0,inductive
HDBSCAN-TFIDF,Cluster 794,9,0.6614872364039955,0.996837843460449,0.7952548245455852,1.0,inductive
HDBSCAN-TFIDF,Cluster 795,11,0.7402597402597403,0.9977827050997783,0.8499428401013966,0.9090909090909091,inductive
HDBSCAN-TFIDF,Cluster 796,3,0.7152777777777778,1.0,0.834008097165992,1.0,inductive
HDBSCAN-TFIDF,Cluster 797,3,0.508557457212714,1.0,0.6742301458670988,1.0,inductive
HDBSCAN-TFIDF,Cluster 798,2,0.04993946731234866,1.0,0.09512827904295186,1.0,inductive
HDBSCAN-TFIDF,Cluster 799,9,0.5791984732824427,0.9949109414758269,0.7321611737431727,1.0,inductive
HDBSCAN-TFIDF,Cluster 800,6,0.563552833078101,0.9980314960629921,0.7203497968205552,1.0,inductive
HDBSCAN-TFIDF,Cluster 801,18,0.7198033707865168,0.988837171714062,0.8331399280940875,1.0,inductive
HDBSCAN-TFIDF,Cluster 802,6,0.0521247913724483,0.9653807864609258,0.0989090835185303,1.0,inductive
HDBSCAN-TFIDF,Cluster 803,3,0.07951198990323938,0.948910799308979,0.1467291209124714,1.0,inductive
HDBSCAN-TFIDF,Cluster 804,10,0.11708074534161494,0.9847393181961017,0.2092792047576408,1.0,inductive
HDBSCAN-TFIDF,Cluster 805,3,0.0771796093377799,1.0,0.14329942503317117,1.0,inductive
HDBSCAN-TFIDF,Cluster 806,2,0.05028571428571427,1.0,0.09575625680087048,1.0,inductive
HDBSCAN-TFIDF,Cluster 807,3,0.3695652173913043,0.9790511711607117,0.5365844015816866,1.0,inductive
HDBSCAN-TFIDF,Cluster 808,10,0.04663618549967341,0.9396702599431026,0.0888621112712284,1.0,inductive
HDBSCAN-TFIDF,Cluster 809,4,0.47413793103448276,1.0,0.6432748538011697,1.0,inductive
HDBSCAN-TFIDF,Cluster 810,5,0.2789115646258503,0.9961993188973848,0.4358076059160434,1.0,inductive
KMeans-Doc2Vec,Cluster 0,5435,0.02664873226494635,0.9901435340877293,0.05190061100370257,0.9893284268629254,inductive
KMeans-Doc2Vec,Cluster 1,2299,0.09539026490991198,0.9862624716070469,0.17395571658284376,0.994780339277947,inductive
SOM-Doc2Vec,Cluster 0,5557,0.028051726008445854,0.9860919129890513,0.05455160215698274,0.9895627136944395,inductive
SOM-Doc2Vec,Cluster 1,2177,0.03830281897425991,0.9806474843436983,0.07372599615127484,0.9949471750114837,inductive
HDBSCAN-Doc2Vec,Cluster 0,2,0.584070796460177,1.0,0.7374301675977654,1.0,inductive
HDBSCAN-Doc2Vec,Cluster 1,8,0.05796581809489665,0.9388460308510074,0.1091900709265718,1.0,inductive
HDBSCAN-Doc2Vec,Cluster 2,4,0.056323604710701525,0.9941176470588236,0.10660717921073994,1.0,inductive
HDBSCAN-Doc2Vec,Cluster 3,4,0.07222373065435783,1.0,0.13471765003798425,1.0,inductive
HDBSCAN-Doc2Vec,Cluster 4,6,0.06460927630391622,0.9934455379157278,0.12132792439384045,1.0,inductive
HDBSCAN-Doc2Vec,Cluster 5,2,0.06657483930211205,1.0,0.12483857081360315,1.0,inductive
HDBSCAN-Doc2Vec,Cluster 6,7336,0.024468574047721625,0.9901000793980668,0.047756920194856285,0.9904580152671756,inductive
HDBSCAN-Doc2Vec,Cluster 7,18,0.05313885166477683,0.9614439007473059,0.10071140023690209,1.0,inductive
